map_id,name,tier,type,mapper,youtube,stages,bonuses
1,surf_ben10,3,Linear,Benowy & Kingkurtis,https://www.youtube.com/watch?v=xsJrWTpVWeU,1,10
2,surf_tempest4,4,Linear,Hardex,https://www.youtube.com/watch?v=xTuc_wZiy20,1,7
3,surf_santorini3,6,Staged,quethesurfer,https://www.youtube.com/watch?v=BN5BbJr_t80,5,5
4,surf_slieke_csgo,5,Staged,Puffin Gas,,3,0
5,surf_life_of_duck_go_fix,1,Staged,SKAR,https://www.youtube.com/watch?v=wf1TT6wedJQ,5,0
6,surf_demise,1,Linear,elly,https://www.youtube.com/watch?v=9QGaAjlgzJY,1,1
7,surf_through_hell,2,Linear,Puffin Gas,https://www.youtube.com/watch?v=xPjJaFlatGE,1,3
8,surf_indecisive,2,Linear,ellyy,https://www.youtube.com/watch?v=-j2Jfp3M0Yg,1,1
9,surf_santorini2,4,Linear,quethesurfer,https://www.youtube.com/watch?v=3ZXPkRCwTkI,1,1
10,surf_kaaba,3,Staged,ApeXe & rathe,https://www.youtube.com/watch?v=coreNaKr4m4,4,1
11,surf_men,2,Linear,Pyllytonttu,https://www.youtube.com/watch?v=ms6ZKku6AlA,1,0
12,surf_adrift,4,Linear,murglegurgle,https://www.youtube.com/watch?v=qpehDYFmFpk,1,1
13,surf_aesthetic,1,Staged,Mewnlol,https://www.youtube.com/watch?v=2m6C94Na8RY,5,2
14,surf_barbies_malibu_adventure,4,Staged,TheJazzAgenT♫,https://www.youtube.com/watch?v=PsRDHavYA9A,5,9
15,surf_beyond2,1,Staged,granis & bro,https://www.youtube.com/watch?v=tHegLf3UR_c,5,2
16,surf_eos,3,Linear,Snowhill,https://www.youtube.com/watch?v=yOigwlCFu-Y,1,5
17,surf_kala,3,Linear,zer0tail,https://www.youtube.com/watch?v=XPa4q4lHf_w,1,1
18,surf_korovamilkbar,4,Staged,house & milkbar crew,,6,3
19,surf_melatonin,2,Staged,Heisen, https://www.youtube.com/watch?v=X7PNdfn-xIM,3,2
20,surf_nibiru2,3,Staged,Puffin Gas,https://www.youtube.com/watch?v=PmewlEhBGrM,3,5
21,surf_njv,3,Staged,The Ancient One & house,https://www.youtube.com/watch?v=c2c4Ea96W_E,4,4
22,surf_rebirth,5,Linear,lil_fowoxy,https://www.youtube.com/watch?v=cekmtfDC7LI,1,3
23,surf_salmari,4,Linear,juve,https://www.youtube.com/watch?v=XmVB1z-Lkf4,1,0
24,surf_spaceracer,1,Staged,Koga73,https://www.youtube.com/watch?v=gB6rcwBsyoo,2,3
25,surf_hellenic_csgo,3,Linear,elly,https://www.youtube.com/watch?v=RaAeDrl0pRQ,1,1
26,surf_jagerbomb,4,Staged,ApeXe,https://www.youtube.com/watch?v=HUkYF1L5ahc,4,2
27,surf_perihelion,6,Linear,house,https://www.youtube.com/watch?v=rcEkZigXJvQ,1,4
28,surf_sewertunnel,1,Linear,Sühan,https://www.youtube.com/watch?v=N0zZnaSVxzU,1,5
29,surf_hardline,7,Staged,Exxe,https://www.youtube.com/watch?v=j4bzgeHJqlw,5,4
30,surf_santorini,1,Staged,quethesurfer,https://www.youtube.com/watch?v=SZ6ob7-2D0k,8,5
31,surf_extend,1,Staged,TaxFrog,https://www.youtube.com/watch?v=kZthl9rQWYw,7,3
32,surf_not_as_tropic,3,Staged,quethesurfer,https://www.youtube.com/watch?v=L2v8JTQcZu8,6,5
33,surf_hunty,7,Staged,Rex,https://www.youtube.com/watch?v=CopsrO3NqrA,5,1
34,surf_kvas,2,Linear,Heisen,https://www.youtube.com/watch?v=PdNNqny7eeg,1,4
35,surf_botanica,1,Staged,Exxe,https://www.youtube.com/watch?v=URfn6BCAevo,4,6
36,surf_tropic,2,Staged,quethesurfer,https://www.youtube.com/watch?v=5DTre11BgH0,7,6
37,surf_outra,4,Linear,maz,https://www.youtube.com/watch?v=nXGIz2byP9M,1,3
38,surf_rezurgence,4,Linear,REZ,https://www.youtube.com/watch?v=0E73d-V7a64,1,2
39,surf_damnation,5,Linear,Pyllytonttu,https://www.youtube.com/watch?v=SYMw6vImKe8,1,3
40,surf_tiltberg,1,Linear,SkariZ,https://www.youtube.com/watch?v=Wb1dB2IWVh0,1,6
41,surf_nibiru,2,Staged,Puffin Gas,https://www.youtube.com/watch?v=mk9JuBULZOg,3,3
42,surf_boxtime,3,Staged,TaxFrog,https://www.youtube.com/watch?v=ouRv8InGmS8,4,3
43,surf_themeless,2,Staged,Poke,https://www.youtube.com/watch?v=04YJlxNwBsQ,4,3
44,surf_instantdeath,2,Linear,Hardex,https://www.youtube.com/watch?v=dFNWf_KNYkM,1,4
45,surf_jive,4,Linear,rathe,https://www.youtube.com/watch?v=9wwABA53eVg,1,2
46,surf_abandoned,2,Linear,Jooce,https://www.youtube.com/watch?v=TctPs0YKzGY,1,4
47,surf_pads,3,Staged,Collab,https://www.youtube.com/watch?v=hABD4L6tjsk,4,5
48,surf_kismet,2,Linear,Sneakyy,https://www.youtube.com/watch?v=EmOiXmVXayo,1,1
49,surf_sc_colours,4,Staged,sC,https://www.youtube.com/watch?v=SmtM4IhNNvc,9,1
50,surf_kimetrik,3,Staged,Lovhon,,5,2
51,surf_grandad,2,Linear,Stevie,https://www.youtube.com/watch?v=_QPlummZEqE,1,1
52,surf_seaside,3,Staged,Exxe,https://www.youtube.com/watch?v=Xd9jLzRTiKc,7,3
53,surf_shibboleth,7,Staged,Biji,https://www.youtube.com/watch?v=a5jaT00gXgY,5,10
54,surf_beneath,4,Linear,quethesurfer,,1,3
55,surf_quirky,2,Linear,Sam,https://www.youtube.com/watch?v=4v09HO3YJ_4,1,9
56,surf_ephemeral,3,Linear,lil_fowoxy,https://www.youtube.com/watch?v=G8Id44svbFU,1,5
57,surf_portal_game4_csgo,3,Staged,InCognIto & Pyaniy ezhik,https://www.youtube.com/watch?v=eS1LPfHoGaE,6,0
58,surf_mayday,1,Staged,bro,https://www.youtube.com/watch?v=UPVpXMUJoKI,7,1
59,surf_endeavor,4,Staged,IrynStyl,https://www.youtube.com/watch?v=Mm-crqfCU10,3,2
60,surf_heliosphere,3,Staged,Paul,https://www.youtube.com/watch?v=KLzqmrOG8Bg,3,0
61,surf_mario_fix,3,Staged,quethesurfer,,9,4
62,surf_boomer,2,Linear,bro,https://www.youtube.com/watch?v=T8oIAhZ4xf0,1,1
63,surf_rewind,5,Staged,Exxe & Edy,https://www.youtube.com/watch?v=HEy_Xxj6mu4,6,4
64,surf_yasukuni_fix,2,Staged,quethesurfer,https://www.youtube.com/watch?v=odhsntXtovw,7,6
65,surf_thefloorislava,4,Staged,hi,,3,6
66,surf_outside,3,Staged,HI-TECH USER,https://www.youtube.com/watch?v=6u7fDR9RcBM,10,6
67,surf_fuckyall,4,Staged,EICHHÖRNCHEN,https://www.youtube.com/watch?v=mSuNXCl47ow,3,1
68,surf_froots2_2,5,Staged,Collab,https://www.youtube.com/watch?v=DG-f07dtzPU,21,7
69,surf_backrooms,3,Staged,lil_fowoxy,https://www.youtube.com/watch?v=s_zl_ht62WY,11,2
70,surf_aspiration_fix,5,Linear,IrynStyl,,1,2
71,surf_bazzi,3,Staged,quethesurfer,https://www.youtube.com/watch?v=cmeuSpefR5M,7,3
72,surf_listless,1,Staged,Fin,https://www.youtube.com/watch?v=PAMK_b1AtSM,9,5
73,surf_gary_barlow,5,Staged,ApeXe,https://www.youtube.com/watch?v=zvIMRQ1DwBU,2,2
74,surf_brother,3,Staged,quethesurfer,https://www.youtube.com/watch?v=0PtzATUFLEA,8,4
75,surf_sorf,3,Staged,The_Ancient_One,https://www.youtube.com/watch?v=nbhnUiSicGg,4,6
76,surf_not_so_funhouse,7,Staged,KrakenDaddy,https://www.youtube.com/watch?v=0iFrV69CkKg,6,2
77,surf_hellscape,2,Staged,Koga73,https://www.youtube.com/watch?v=2bu6lOPANr0,13,4
78,surf_greece,2,Staged,quethesurfer,https://www.youtube.com/watch?v=4x9kRxlhGPM,9,1
79,surf_assail,5,Linear,disres,https://www.youtube.com/watch?v=ap1m-1xjvmw,1,4
80,surf_escape_final,1,Staged,HammY,https://www.youtube.com/watch?v=GkmCl7-Hhog,5,1
81,surf_north,6,Staged,TheJazzAgenT,https://www.youtube.com/watch?v=dOKrll3pap4,5,4
82,surf_paradise,1,Staged,wiuuuh,https://www.youtube.com/watch?v=jlzZO2erILk,6,0
83,surf_greek,2,Staged,quethesurfer,https://www.youtube.com/watch?v=Mp_bXcmH8Xw,7,4
84,surf_morbid,3,Staged,SacRed,https://www.youtube.com/watch?v=oZzebvQO3RQ,6,0
85,surf_quest,5,Staged,quethesurfer,,6,3
86,surf_prismatic,3,Linear,Koga73,https://www.youtube.com/watch?v=0dAX4npqm_A,1,1
87,surf_bugs,6,Staged,otter,https://www.youtube.com/watch?v=Qpm1BShWBlU,4,6
88,surf_not_so_generated,3,Staged,housegamer,https://www.youtube.com/watch?v=HnNEOcsJDwM,10,3
89,surf_sora,2,Staged,Young Pen Griffey,https://www.youtube.com/watch?v=rfNp-wV4VWk,4,3
90,surf_banana,5,Staged,Geoff,https://www.youtube.com/watch?v=XyUKlEgnhK0,4,3
91,surf_prevail,3,Linear,IrynStyl,https://www.youtube.com/watch?v=SGhG8mdJXjM,1,1
92,surf_reactor_go,3,Linear,Kujoen & Skittl35,https://www.youtube.com/watch?v=H6XCc_FGgaE,1,0
93,surf_exland,3,Staged,Bontar0,https://www.youtube.com/watch?v=fASdrjILU9Q,5,0
94,surf_petrus2,5,Staged,iNooVa,https://www.youtube.com/watch?v=P20_3kHAucE,2,2
95,surf_bonk,4,Staged,TheJazzAgenT,https://www.youtube.com/watch?v=PoxM5Gq8uH8,5,2
96,surf_forsaken,5,Linear,rathe,https://www.youtube.com/watch?v=YciOIq4-I8I,1,2
97,surf_pogchamp,3,Staged,razEr,https://www.youtube.com/watch?v=fwCIN93DOuI,4,0
98,surf_deteriorate,3,Linear,nutwoomy,https://www.youtube.com/watch?v=9E3wqZwAygw,1,0
99,surf_antimatter2,5,Staged,Horsefeathers,https://www.youtube.com/watch?v=gm9iNV6zB-o,5,5
100,surf_destruction,2,Staged-Linear,Sonia,https://www.youtube.com/watch?v=36jDM09h20o,4,0
101,surf_ofsfice,3,Linear,Hardex,https://www.youtube.com/watch?v=jmeGWUknmbU,1,1
102,surf_wank,3,Staged,Deano,https://www.youtube.com/watch?v=vS0x-OfO25c,5,1
103,surf_void,1,Linear,juve,https://www.youtube.com/watch?v=oD58F-jd1xs,1,0
104,surf_devs,2,Staged,Koga73,https://www.youtube.com/watch?v=BkaRhoeGr00,10,3
105,surf_techsune,4,Linear,The_Ancient_One,https://www.youtube.com/watch?v=YbcAb5UKFX4,1,1
106,surf_echo,2,Linear,kingkurtis,https://www.youtube.com/watch?v=4a4qgELdpxg,1,3
107,surf_agony_go,2,Linear,Proxychains,https://www.youtube.com/watch?v=7X0f8eCOHv8,1,1
108,surf_anoobis,2,Staged,Sneakyy,https://www.youtube.com/watch?v=u9Vo42kL2JY,3,10
109,surf_nuclear,1,Staged,Spy Complex,https://www.youtube.com/watch?v=6UxGhW1Kvng,2,2
110,surf_kepler,1,Staged-Linear,FriendlyChemist,https://www.youtube.com/watch?v=KCzFOc33tMY,9,2
111,surf_sos,2,Staged,Koga73,https://www.youtube.com/watch?v=mwd_H9nmgWg,8,4
112,surf_ancient,3,Linear,The_Ancient_One,https://www.youtube.com/watch?v=rdOCGYVqOwM,1,3
113,surf_nocturn,4,Staged,Collab,https://www.youtube.com/watch?v=vDnuSj9Nxfw,5,2
114,surf_tuxedo,4,Linear,caksoso,https://www.youtube.com/watch?v=vPds2ep-Jv4,1,3
115,surf_infrared,4,Staged,ApeXe,https://www.youtube.com/watch?v=nmUAoRcFzpo,6,5
116,surf_caged,2,Staged,zer0tail,https://www.youtube.com/watch?v=7JOLB9lAc6o,4,4
117,surf_whynot2,7,Linear,juve,https://www.youtube.com/watch?v=ggYmDvXOFRg,1,2
118,surf_artois,1,Staged,ApeXe,https://www.youtube.com/watch?v=bRbtLqvHC_M,5,5
119,surf_ravine_go,1,Linear,FriendlyChemist,https://www.youtube.com/watch?v=d9TAum1qnUM,1,4
120,surf_undergrowth,3,Linear,Juxtapo & Phurix,https://www.youtube.com/watch?v=5iy6LPNgla0,1,3
121,surf_tensor,4,Staged,superbike,https://www.youtube.com/watch?v=8JBWWmNcuj0,9,0
122,surf_wasteland2,3,Staged,Pyllytonttu,https://www.youtube.com/watch?v=5Vg2CtnpZho,3,3
123,surf_embrace,6,Linear,maz,https://www.youtube.com/watch?v=w0vAHORQpKE,1,6
124,surf_exonic,7,Linear,Roz,https://www.youtube.com/watch?v=vYUDXgsyGSQ,1,3
125,surf_brodderlands,4,Staged,Flow,https://www.youtube.com/watch?v=rZcYzpBBrMA,5,1
126,surf_apollo,1,Linear,ApeXe,https://www.youtube.com/watch?v=WWRSK4dwnCM,1,6
127,surf_aphelion,5,Linear,house,https://www.youtube.com/watch?v=rhudtLmmuds,1,6
128,surf_cosmo,3,Linear,rathe,https://www.youtube.com/watch?v=szE0AlxhiTQ,1,2
129,surf_lowestbidder,5,Linear,wackywallaby,https://www.youtube.com/watch?v=59PTD2qBrBM,1,1
130,surf_consistenza_diversa,4,Staged,Wakthor Thorwak,https://www.youtube.com/watch?v=xXmRBlYrTSA,7,2
131,surf_rubiks_cube,4,Staged,juve,https://www.youtube.com/watch?v=ezy7PBbUjRM,5,2
132,surf_tequila,4,Linear,ApeXe,https://www.youtube.com/watch?v=54_kPkibxWI,1,4
133,surf_wicked,3,Staged,"TaiiKii,Pylly,Eich",https://www.youtube.com/watch?v=L2va_9oDVuA,3,3
134,surf_fractal,3,Staged,kingkurtis,https://www.youtube.com/watch?v=OvtQBKfS6Pk,5,2
135,surf_blub_njv,4,Staged,Chayma,https://www.youtube.com/watch?v=8gIgTj8cToA,5,0
136,surf_crimson,6,Linear,Geoff,https://www.youtube.com/watch?v=7hX9oykjO7c,1,3
137,surf_jazznipples,4,Staged,Kiiru & PAUL,https://www.youtube.com/watch?v=rc7eMCn9zXc?start=1115,5,0
138,surf_oddworld,4,Staged,Exxe,https://www.youtube.com/watch?v=J5poefdmR2k,6,2
139,surf_offskill,7,Staged,KappaEliitti,https://www.youtube.com/watch?v=EIhkc6Yv1Bo,4,1
140,surf_pandora,3,Linear,Sonia,https://www.youtube.com/watch?v=0r7rXdfwJ_4,1,0
141,surf_polytron,5,Linear,Develo,https://www.youtube.com/watch?v=0LssgZ7-dVU,1,1
142,surf_slob2,3,Staged,Dorito & Sam,https://www.youtube.com/watch?v=xfTi9F9WhsA,7,0
143,surf_slobs,3,Staged,Sam,https://www.youtube.com/watch?v=1fOzMkDkwu0,16,2
144,surf_verge,2,Linear,TaiiKii,https://www.youtube.com/watch?v=NIYdqBdk7MQ,1,0
145,surf_angst_go,4,Linear,Proxychains,https://www.youtube.com/watch?v=GCmFIQEZwHo,1,3
146,surf_sirius,3,Linear,granis,https://www.youtube.com/watch?v=-sd4jIOdI5U,1,3
147,surf_zenith,2,Linear,Sneakyy,https://www.youtube.com/watch?v=g4w0y1u7DGM,1,1
148,surf_fantasy,3,Staged,maz,https://www.youtube.com/watch?v=RROnStRCyJQ,4,0
149,surf_kultur,6,Staged,Collab,https://www.youtube.com/watch?v=WRne-_dMt2Y,6,6
150,surf_banger,3,Staged,not_a_zombie & Joey,https://www.youtube.com/watch?v=tFavhI-vo8g,11,1
151,surf_scarlet,3,Linear,PrisonNightmare,https://www.youtube.com/watch?v=10Z3Vc_lZR8,1,4
152,surf_cozy,4,Staged,Mr. Cow,https://www.youtube.com/watch?v=Wrj_VA0M4R0,2,0
153,surf_theodor,5,Linear,iNooVa,https://www.youtube.com/watch?v=JZey8MZR2IM,1,0
154,surf_intothewild_csgo,2,Staged,Koga73,https://www.youtube.com/watch?v=BhXMyLIksc8,4,2
155,surf_lush,3,Staged,rathe,https://www.youtube.com/watch?v=I8fvbr2Drgo,4,2
156,surf_aura,1,Staged,ApeXe,https://www.youtube.com/watch?v=CosXvgZA7K0,6,8
157,surf_remeanian,5,Staged,FPS God,https://www.youtube.com/watch?v=QCNFstZz_0U,10,2
158,surf_petrus,3,Linear,iNooVa,https://www.youtube.com/watch?v=35P3TJ9BzCY,1,0
159,surf_freaky,5,Staged,Freaky456,https://www.youtube.com/watch?v=4tnIs1BG2Ac,6,0
160,surf_lolrevlis,5,Staged,Silverlol,https://www.youtube.com/watch?v=E3NRuk01yfQ,9,1
161,surf_sodacity,1,Staged,kingkurtis,https://www.youtube.com/watch?v=RH64iMghnrU,5,6
162,surf_boy_fixed,2,Staged,SkariZ,https://www.youtube.com/watch?v=922tjPcqPvk,2,3
163,surf_het,1,Linear,SkariZ,https://www.youtube.com/watch?v=7apcyJs5jWw,1,4
164,surf_jail,1,Linear,murglegurgle,https://www.youtube.com/watch?v=npuy9uODnic,1,1
165,surf_moonkingdom,1,Linear,JD!,https://www.youtube.com/watch?v=0DICIWU8LpE,1,4
166,surf_performance,3,Staged,Konstantinov,https://www.youtube.com/watch?v=MrSXVvgkDYo,4,0
167,surf_celestial,5,Linear,bannedmyself,https://www.youtube.com/watch?v=-d6T5yn75-E,1,3
168,surf_n_turf,1,Staged,ApeXe,https://www.youtube.com/watch?v=F57RpS8hcE0,6,3
169,surf_salvation,5,Linear,Danger,https://www.youtube.com/watch?v=UJJObYQR0wE,1,2
170,surf_slob,2,Staged,Sam,https://www.youtube.com/watch?v=QjAiIeLt0hI,7,1
171,surf_frey2,3,Linear,KappaEliitti,https://www.youtube.com/watch?v=KIs2q6Ltvbg,1,2
172,surf_conserve,5,Linear,wackywallaby,https://www.youtube.com/watch?v=Q-pVM2Kq3M0,1,0
173,surf_vitun_rotta,2,Linear,TyostoKarry,https://www.youtube.com/watch?v=XJrI-Y5sO6o,1,4
174,surf_odyssey_fixed,2,Linear,Riddler,https://www.youtube.com/watch?v=Dqp6cuMcmcY,1,0
175,surf_color_njv,3,Staged,Collab,https://www.youtube.com/watch?v=OTF15xozw_c,6,1
176,surf_hektik,4,Linear,Fizu,https://www.youtube.com/watch?v=6oJ8cg7Lia4,1,5
177,surf_lockdown,2,Linear,pedro,https://www.youtube.com/watch?v=6ihFI5uDSWM,1,2
178,surf_scientist,3,Staged,ApeXe,https://www.youtube.com/watch?v=apVfqT0Tk40,4,6
179,surf_aquaflow,2,Linear,NvC_DmN_CH,https://www.youtube.com/watch?v=UU0OgEHnaR0,1,2
180,surf_corruption,8,Linear,Oli,https://www.youtube.com/watch?v=acX0_zGNhh4,1,6
181,surf_road_to_hell,2,Staged,SkariZ,https://www.youtube.com/watch?v=rQrZZtUNkh4,4,5
182,surf_vienna,4,Linear,ApeXe,https://www.youtube.com/watch?v=tNS9zUp_Edo,1,5
183,surf_yellow,3,Linear,M_Lama,https://www.youtube.com/watch?v=BW8lruakvY4,1,4
184,surf_shade,7,Linear,Sneakyy,https://www.youtube.com/watch?v=z_82fFGgICs,1,7
185,surf_tuscany,2,Staged,Exxe,https://www.youtube.com/watch?v=qYu6g9QsMqM,8,4
186,surf_constrictor_remix,4,Linear,Sid,https://www.youtube.com/watch?v=Tnvtr-UjyoQ,1,1
187,surf_inferno,4,Linear,SyKo,https://www.youtube.com/watch?v=qcKRWAfHYQc,1,2
188,surf_anzchamps,2,Staged-Linear,Hardex,https://www.youtube.com/watch?v=QAnET0j2erU,8,1
189,surf_wasteland_fix,3,Staged,Pyllytonttu,https://www.youtube.com/watch?v=nug_16PCT3s,3,3
190,surf_gloomy,6,Staged,KrakenDaddy,https://www.youtube.com/watch?v=Pyxdp4WOrVM,6,1
191,surf_autonomy,6,Staged,Sense & not_a_zombie,https://www.youtube.com/watch?v=utTMd2O_32Q,4,1
192,surf_sinsane2_cs,7,Linear,not_a_zombie,https://www.youtube.com/watch?v=mbLKIAdMUrc,1,4
193,surf_theunexpected,3,Linear,EICHHÖRNCHEN,https://www.youtube.com/watch?v=rRVnabreet8,1,3
194,surf_school_fix,1,Staged-Linear,Sid,https://www.youtube.com/watch?v=C9o_Dy7CEhc,10,1
195,surf_harmony,2,Staged,PrisonNightmare,https://www.youtube.com/watch?v=CVH2Kxtv-B4,5,3
196,surf_tycho_fix,5,Staged,TaiiKii,https://www.youtube.com/watch?v=1sqt7THjzrs,4,4
197,surf_huh,3,Linear,mr.25,https://www.youtube.com/watch?v=r6nIgLYoEgs,1,6
198,surf_zeitgeist,3,Staged,Spy Complex,https://www.youtube.com/watch?v=o9l9am684Xk,12,4
199,surf_skyfall_final,4,Staged,exxelence,,5,4
200,surf_deadline,2,Staged,house,https://www.youtube.com/watch?v=PbmjIUUj9Mo,4,2
201,surf_not_so_whynot,3,Linear,juve,https://www.youtube.com/watch?v=TXzsZBfz_Z8,1,1
202,surf_perennial_v2,1,Staged,granis,https://www.youtube.com/watch?v=BSiJUbkwXYE,2,3
203,surf_treasurehunt_go,1,Linear,FryingDutch,https://www.youtube.com/watch?v=R5_c7pqZ2f0,1,2
204,surf_29palms,4,Staged,SkariZ,https://www.youtube.com/watch?v=rWbY4YdBWeQ,5,2
205,surf_giza,2,Linear,juve,https://www.youtube.com/watch?v=0W7Pffl_7r8,1,7
206,surf_gudrun,3,Staged,SkariZ,https://www.youtube.com/watch?v=c_fsyLE1Oxw,6,3
207,surf_nova,2,Linear,KappaEliitti,https://www.youtube.com/watch?v=o3gY63JgRG4,1,3
208,surf_enlightened,1,Linear,Benchmarked,https://www.youtube.com/watch?v=KDDTKivxo44,1,8
209,surf_illusion,2,Staged,Collab,https://www.youtube.com/watch?v=0yFqP_kTsx8,10,3
210,surf_sluice2,4,Linear,razEr,https://www.youtube.com/watch?v=cQ_vL0qDNe8,1,4
211,surf_your_way,3,Staged,Skyppy,,4,0
212,surf_fortress,4,Staged,Collab,https://www.youtube.com/watch?v=hrNc5krp_H8,6,6
213,surf_serenity2,4,Staged,Hardex,https://www.youtube.com/watch?v=oufTyMvqgB8,3,5
214,surf_thesteve,6,Staged,EICHHÖRNCHEN,https://www.youtube.com/watch?v=P6Z1iTfOPKY,5,3
215,surf_paradigm,4,Linear,Pyllytonttu,https://www.youtube.com/watch?v=Eolz8lK0pp0,1,3
216,surf_crush2,6,Linear,Xtra,https://www.youtube.com/watch?v=og5LzWG8pxc,1,1
217,surf_monotony,4,Staged,[Collab],https://www.youtube.com/watch?v=jsEMsObHfvo,5,2
218,surf_boreas,1,Linear,Syncronyze,https://www.youtube.com/watch?v=SiQg6tQMzUc,1,0
219,surf_hourglass,1,Linear,masog,https://www.youtube.com/watch?v=7s4YrLI6uFQ,1,0
220,surf_stonks,2,Staged,Hardex,https://www.youtube.com/watch?v=kvzb19MuDs0,2,2
221,surf_minigolf,3,Staged,[Collab],https://www.youtube.com/watch?v=U3J9IYR_OQ8,7,2
222,surf_clujreek,3,Staged,SkariZ,https://www.youtube.com/watch?v=xMtB9dpwc_s,7,3
223,surf_arcade,2,Staged,maz,https://www.youtube.com/watch?v=kXPG2LVXRM8,6,1
224,surf_8bit,2,Staged,TaiiKii,https://www.youtube.com/watch?v=9bGS1s5SUco,3,1
225,surf_limbo_go,4,Linear,murglegurgle,https://www.youtube.com/watch?v=_M45mFC1TKE,1,2
226,surf_velianglium,3,Linear,VinProffely,https://www.youtube.com/watch?v=1yI06ZBnT1E,1,0
227,surf_runner,1,Staged,Koga73,https://www.youtube.com/watch?v=to1tJIX3MkI,9,4
228,surf_polonia,5,Staged,[Collab],https://www.youtube.com/watch?v=5msZ_JVdlPg,5,2
229,surf_fiellu,3,Linear,Kahvo,https://www.youtube.com/watch?v=KP7cD1dUvKQ,1,4
230,surf_tendies,1,Linear,granis,https://www.youtube.com/watch?v=pE2328-O6pI,1,3
231,surf_crackdesert_evo2,2,Staged,housegamer,https://www.youtube.com/watch?v=fq6aoBIDc20,3,3
232,surf_shambles,4,Linear,nmroxy,https://www.youtube.com/watch?v=ZZ-5_HOfNJw,1,3
233,surf_in_space_go,2,Staged,KappaEliitti,https://www.youtube.com/watch?v=UTq1w5Z5Lfc,3,1
234,surf_ebony,2,Linear,Sid,https://www.youtube.com/watch?v=m0V3nNfwcho,1,4
235,surf_leesriize,3,Staged,Leesriize,https://www.youtube.com/watch?v=x6qmEpMFmWE,3,4
236,surf_frey_remake_go,2,Staged,KappaEliitti,https://www.youtube.com/watch?v=WDYFO9As3D0,3,2
237,surf_bumpybusride,3,Staged,Hardex,https://www.youtube.com/watch?v=-Ssf90J4aXU,3,1
238,surf_revolution,5,Staged,Kahvo,https://www.youtube.com/watch?v=Fh2T61a_Qp8,5,2
239,surf_astray,1,Linear,comrade teammate,https://www.youtube.com/watch?v=Ko0MWour3PM,1,1
240,surf_lianfora,1,Linear,VinProffely(ins),https://www.youtube.com/watch?v=MMcMNiWO7d4,1,1
241,surf_midsommar,3,Staged,granis,https://www.youtube.com/watch?v=FLoLux6EwpU,3,4
242,surf_cannonball,4,Linear,EICHHÖRNCHEN,https://www.youtube.com/watch?v=HWGFS3Q4oZg,1,2
243,surf_mate,2,Linear,edy,https://www.youtube.com/watch?v=eqbeDt33NF4,1,5
244,surf_secluded,4,Staged,Hades,https://www.youtube.com/watch?v=e0Z89VAoy9M,5,4
245,surf_hotrod,2,Linear,FriendlyChemist,https://www.youtube.com/watch?v=HcfuhYlEkfY,1,2
246,surf_redemption_b1,4,Staged,Sangre Nueva,https://www.youtube.com/watch?v=WMPvapK0F-U,4,0
247,surf_replicant,6,Staged,Spy Complex,https://www.youtube.com/watch?v=iAPVuzOLoGQ,4,1
248,surf_sacrifice,4,Staged,Spree,https://www.youtube.com/watch?v=01bimOx7HFA,3,1
249,surf_loweffort,4,Staged,vay & Sam,https://www.youtube.com/watch?v=pBb4ydocnqk,5,1
250,surf_blackheart,6,Linear,otter,https://www.youtube.com/watch?v=4Lvj1IFAuvY,1,3
251,surf_solace,6,Staged,Sam,https://www.youtube.com/watch?v=8zkDrNW8Dhs,5,3
252,surf_stitched,6,Staged,[Collab],https://www.youtube.com/watch?v=QiqAgyXshdc,2,2
253,surf_feudal,6,Staged,mrdeadguy34,https://www.youtube.com/watch?v=8q43P1S-V2I,5,0
254,surf_runewords2_lod,4,Linear,Biji,https://www.youtube.com/watch?v=DnYbDuB9r94,1,6
255,surf_tranquil,2,Linear,PrisonNightmare,https://www.youtube.com/watch?v=04Yh2074Mo4,1,3
256,surf_salvador,2,Linear,iNooVa,https://www.youtube.com/watch?v=ts-v7G9GXcY,1,1
257,surf_compulsive_h,4,Staged,razEr,,4,0
258,surf_zoomathon,1,Linear,Sid,https://www.youtube.com/watch?v=r4hDKATvYDc,1,0
259,surf_premium,2,Staged,maz,https://www.youtube.com/watch?v=zdyg8KA1DDc,8,2
260,surf_fungus,4,Linear,MaKo,https://www.youtube.com/watch?v=Y3o8Sy4x9sE,1,5
261,surf_psycho,2,Staged,Chicken,https://www.youtube.com/watch?v=sSyjGq-QKTs,6,2
262,surf_sanctuary,2,Staged,Benchmarked,https://www.youtube.com/watch?v=042_kd8hpnw,5,3
263,surf_unraveled,3,Staged-Linear,Spy Complex,https://www.youtube.com/watch?v=NVQGmfxZ-gs,3,1
264,surf_sunday,4,Staged,iamsupaman,https://www.youtube.com/watch?v=SSbIdS5aQgA,3,3
265,surf_axil,4,Staged,Klemix,https://www.youtube.com/watch?v=XtIS1pEaNwU,3,3
266,surf_greensway,2,Linear,NvC_DmN_CH,https://www.youtube.com/watch?v=RPh0Eys9bBc,1,0
267,surf_casbah,1,Linear,comrade teammate,https://www.youtube.com/watch?v=duDaZlIFsWI,1,1
268,surf_quasar_final,3,Staged,Rapsodia,https://www.youtube.com/watch?v=BScoms-rt1o,4,1
269,surf_pyramid,4,Staged,Gorange,https://www.youtube.com/watch?v=X45AIjcg_ZA,6,7
270,surf_concretejungle,4,Staged,"pretzL, hesuka",https://www.youtube.com/watch?v=1yzCddF2CIk,6,5
271,surf_luminaris,2,Staged,KappaEliitti,https://www.youtube.com/watch?v=eDJbmu7SJ5s,3,6
272,surf_gradient,1,Linear,Hippy,https://www.youtube.com/watch?v=-Ua2Ro7YkmM,1,0
273,surf_palais,2,Linear,Xtra_Festive,https://www.youtube.com/watch?v=oMWPzXEfYhA,1,0
274,surf_psychedelia,3,Linear,Sid,https://www.youtube.com/watch?v=KJj9HacdgsA,1,1
275,surf_lovetunnel_fix,1,Linear,maz,https://www.youtube.com/watch?v=zrwq-AL90Eg,1,0
276,surf_theme,4,Staged,Phurix,https://www.youtube.com/watch?v=CzC3iHPESd0,9,3
277,surf_holiday_fix,2,Staged,iNooVa,https://www.youtube.com/watch?v=-GrWufgMOfw,4,0
278,surf_original,7,Linear,Collab,https://www.youtube.com/watch?v=hntdnZCua6Q,1,1
279,surf_sanguine,3,Staged-Linear,krealington & biji,https://www.youtube.com/watch?v=_sapPV0JNyM,6,1
280,surf_squirrelsonvacation,2,Linear,EICHHÖRNCHEN,https://www.youtube.com/watch?v=q74w8sQJ2cw,1,1
281,surf_arghmyeyes_retexture,3,Linear,t3tra,https://www.youtube.com/watch?v=NAGsCQQyU2k,1,0
282,surf_quarantine,4,Staged,Collab,https://www.youtube.com/watch?v=ROdCqz9NUK4,15,2
283,surf_korn,2,Staged,payn,https://www.youtube.com/watch?v=sGMaftoRNlo,4,3
284,surf_whynot,6,Staged,juve,https://www.youtube.com/watch?v=3Y9B-GpNulY,4,2
285,surf_helloworld,5,Staged,fatfuk,https://www.youtube.com/watch?v=IssYHyrVS28,5,3
286,surf_happyhands5,3,Linear,Kiiru,https://www.youtube.com/watch?v=_r-5jSFXjzU,1,3
287,surf_sylvan,3,Linear,Sagan,https://www.youtube.com/watch?v=TnXmy9ttgyw,1,1
288,surf_beginner2,2,Staged,Kiiru,https://www.youtube.com/watch?v=hbGdBxSt24M,7,4
289,surf_pyzire,4,Linear,TaiiKii,https://www.youtube.com/watch?v=IB4Ggv_IBBg,1,4
290,surf_like_this,3,Linear,Koga73,https://www.youtube.com/watch?v=o3p3bFRb8Nk,1,4
291,surf_fabas,4,Staged,MaKo & Roxy,https://www.youtube.com/watch?v=KlTiBb9XYqY,5,4
292,surf_activation,2,Staged-Linear,iNooVa & biji,https://www.youtube.com/watch?v=QE9go7OmxcY,4,4
293,surf_kloakk,2,Linear,pretzL,https://www.youtube.com/watch?v=BTjrPEl7YXY,1,4
294,surf_wew,1,Linear,comrade teammate,https://www.youtube.com/watch?v=mloqefNp1w8,1,1
295,surf_sequoia,3,Staged,maz64,https://www.youtube.com/watch?v=-LyVU6LIWiw,3,3
296,surf_cement,4,Staged,EICHHÖRNCHEN,https://www.youtube.com/watch?v=BY5dNLhVV4U,6,7
297,surf_anything,4,Staged,Phurix,https://www.youtube.com/watch?v=r8P2AWxd8fE,2,2
298,surf_funhouse2,2,Linear,KrakenDaddy,https://www.youtube.com/watch?v=ITXDYTijLO0,1,7
299,surf_grotto,4,Staged,Xtra_Festive,https://www.youtube.com/watch?v=yr6Bg0h7n_s,6,3
300,surf_hotwheels,2,Linear,Hardex,https://www.youtube.com/watch?v=rffpniedlp8,1,8
301,surf_intra,5,Linear,maz64,https://www.youtube.com/watch?v=wVfP3xBKYa8,1,0
302,surf_epiphany,6,Staged,krealington,https://www.youtube.com/watch?v=k-qQQsqsb3g,3,4
303,surf_minecraft_2020,2,Staged,Koga73,https://www.youtube.com/watch?v=M9WniPj8seI,4,3
304,surf_mwag_reloaded,2,Staged,monkeywithagun,https://www.youtube.com/watch?v=VZMDDmgIPbM,14,5
305,surf_strike,5,Staged,Spree,https://www.youtube.com/watch?v=bKeS3q3y29E,6,1
306,surf_warped,4,Linear,EICHHÖRNCHEN,https://www.youtube.com/watch?v=MXAec7KYhnI,1,3
307,surf_egypt2,1,Linear,Mariowned,https://www.youtube.com/watch?v=gW_TFW4v3o4,1,1
308,surf_gleam2,2,Staged,TruMatrix,https://www.youtube.com/watch?v=emY9jLXZQZo,4,4
309,surf_fire_eye,4,Linear,recoil,https://www.youtube.com/watch?v=PMf8HzPnjYU,1,0
310,surf_scorch_go,2,Linear,Ver,https://www.youtube.com/watch?v=BYH0BE5xh94,1,3
311,surf_queen_of_the_ween,3,Linear,otter,https://www.youtube.com/watch?v=iwQk34U0MSI,1,3
312,surf_thicket,2,Staged,iNooVa,https://www.youtube.com/watch?v=E5RGjcQnipM,7,2
313,surf_interference,2,Linear,NvC_DmN_CH,https://www.youtube.com/watch?v=d_mH-gUMNCU,1,0
314,surf_skipalot,2,Linear,EICHHÖRNCHEN,https://www.youtube.com/watch?v=3wyMEgtk6bc,1,4
315,surf_nesquik,5,Staged,Sam & Hesuka,https://www.youtube.com/watch?v=yUsamLRRdLA,6,6
316,surf_beyond,1,Staged,granis & bro,https://www.youtube.com/watch?v=SKD0gHR0T_Y,10,3
317,surf_believe_refix,2,Staged,OO SII,https://www.youtube.com/watch?v=676IVOezBkU,4,3
318,surf_zeonine,4,Staged,Collab,https://www.youtube.com/watch?v=4eDCRGA0KJI,4,2
319,surf_nyx,1,Linear,Syncronyze,https://www.youtube.com/watch?v=PTJUqN4Hc3w,1,3
320,surf_jumble,6,Staged,Xtra Festive,https://www.youtube.com/watch?v=7XfFrxtoKzY,2,4
321,surf_sandbrick,3,Staged,vay & hypestaR,https://www.youtube.com/watch?v=S0DPNasExBk,5,0
322,surf_pls,7,Linear,Biji,https://www.youtube.com/watch?v=OLn89LN5B8w,1,11
323,surf_cavemissile_fix,2,Linear,EICHHÖRNCHEN,https://www.youtube.com/watch?v=VujB1OwIOT0,1,4
324,surf_raphaello,7,Linear,krealington,https://www.youtube.com/watch?v=4zrjlVPGvyA,1,2
325,surf_drift_go,5,Staged,murglegurgle,https://www.youtube.com/watch?v=PlPOBKXHR7g,3,0
326,surf_inrage,3,Linear,Ch1!!3r,https://www.youtube.com/watch?v=SrJF4_qPsr0,1,0
327,surf_fornax,1,Linear,iNooVa,https://www.youtube.com/watch?v=yZm7CHq_Aic,1,7
328,surf_deoa,1,Staged,Deod,https://www.youtube.com/watch?v=T7twWkiOGNY,7,0
329,surf_deathstar,1,Staged-Linear,Downycat,https://www.youtube.com/watch?v=8Wobbaw5lcY,6,0
330,surf_spectra,7,Linear,Hork,https://www.youtube.com/watch?v=Rh2EN0VFS30,1,2
331,surf_hades2,7,Staged,ArcticPanda,https://www.youtube.com/watch?v=sTYaDBNqepI,6,5
332,surf_lost2,3,Staged,Fluxified,https://www.youtube.com/watch?v=K-LjEOaTJV0,4,4
333,surf_ardon_refix,2,Linear,FPS God,https://www.youtube.com/watch?v=ZRJmt6bJEuo,1,6
334,surf_garden_go,1,Staged,Sid,https://www.youtube.com/watch?v=7yV-he1konw,10,3
335,surf_garden_h_go,6,Staged,Sid,https://www.youtube.com/watch?v=ROe2WuYVzM8,10,3
336,surf_whiteout,1,Staged,Phurix,https://www.youtube.com/watch?v=qnSYGR14PbA,6,1
337,surf_happyhug,4,Staged,Collab,https://www.youtube.com/watch?v=QddDKh292S8,16,4
338,surf_ori_l,3,Linear,Stats,https://www.youtube.com/watch?v=wIaPnS2OJ2c,1,0
339,surf_pinkcubes_fix,2,Linear,YajiGod,https://www.youtube.com/watch?v=XVU1pXvYr3w,1,1
340,surf_elysium4,5,Staged,Sacred,https://www.youtube.com/watch?v=blWF3Ak2jQw,4,3
341,surf_klue,2,Linear,Klemix & 0LLE,https://www.youtube.com/watch?v=DjNX9b_D5Tc,1,1
342,surf_skyborn,2,Staged,Koga73,https://www.youtube.com/watch?v=if5duDFQv2k,4,2
343,surf_pantheon,1,Linear,Garanimal,https://www.youtube.com/watch?v=dn6_QY6GKRU,1,3
344,surf_shodan,7,Linear,Spy Complex,https://www.youtube.com/watch?v=aZlWg0RETck,1,10
345,surf_innokia,6,Staged,Hesuka,https://www.youtube.com/watch?v=CcCK003QGb0,5,4
346,surf_axiom2,3,Linear,iNooVa,https://www.youtube.com/watch?v=7IKvt-KHcAo,1,1
347,surf_lax,4,Staged,krealington,https://www.youtube.com/watch?v=-JJeq-yAfQQ,7,3
348,surf_progress,2,Staged,Sam & Xtra,https://www.youtube.com/watch?v=9RjmgNhtpm4,4,0
349,surf_selenka,5,Staged,Danger,https://www.youtube.com/watch?v=1HVNbWcoOW4,4,2
350,surf_satellite_fix,1,Linear,Biji & iNooVa,https://www.youtube.com/watch?v=qqw4flOJoAA,1,0
351,surf_journeys_final,2,Linear,razEr,https://www.youtube.com/watch?v=5Q5nCZK0FdY,1,3
352,surf_cyberwave,2,Staged,Mr Cow,https://www.youtube.com/watch?v=Zjz8xv1dxko,2,1
353,surf_ameliorate,1,Staged,granis,https://www.youtube.com/watch?v=vgW2thZY9gI,10,2
354,surf_brutalist_ez,3,Staged,Hardex,https://www.youtube.com/watch?v=jD_Fm3gUJSA,4,1
355,surf_calzone,2,Staged,bro & kreal,https://www.youtube.com/watch?v=-gf_mFRKPEc,4,1
356,surf_ember2,4,Staged,Hardex,https://www.youtube.com/watch?v=L96nntkmtNg,6,2
357,surf_zoomboys_csgo,3,Linear,Sid,https://www.youtube.com/watch?v=bCNC7zGZRX4,1,2
358,surf_aser,1,Staged-Linear,TruMatrix,https://www.youtube.com/watch?v=Vq2_NQy-xgU,6,1
359,surf_zen2,7,Staged,mr.25,https://www.youtube.com/watch?v=HICEgiNSYEU,4,5
360,surf_chateau_fix,4,Linear,hesuka,https://www.youtube.com/watch?v=WNK4EWAnylE,1,3
361,surf_memories,4,Staged,Chrissybear,https://www.youtube.com/watch?v=S_-318M3MLU,5,2
362,surf_monolith,5,Linear,Gorange Ninja,https://www.youtube.com/watch?v=DOCO_IPPUNs,1,0
363,surf_rocco_v2,2,Linear,FPS God,https://www.youtube.com/watch?v=70WOlWo2AEk,1,3
364,surf_rez2,4,Staged,Xbmann,https://www.youtube.com/watch?v=ZDXlwXn_T-U,5,4
365,surf_numbers2,4,Staged,granis,https://www.youtube.com/watch?v=arXS9zLGIfM,5,4
366,surf_froots_ksf,3,Staged,Collab,https://www.youtube.com/watch?v=Am_iVZ6pj-o,18,8
367,surf_fruits2,3,Staged,Collab,https://www.youtube.com/watch?v=SLSAPw_jL0M,15,1
368,surf_classics3_fix,2,Staged,Collab,https://www.youtube.com/watch?v=rj9-3m6mad0,69,11
369,surf_eryr2,5,Staged,RNC1839,https://www.youtube.com/watch?v=61Zmz4j07Qc,4,3
370,surf_dhyana,3,Staged,^smiley,https://www.youtube.com/watch?v=IZSQK3CBG6I,5,2
371,surf_kairo,5,Linear,pretzL & Roz,https://www.youtube.com/watch?v=VVLwfDUrU_w,1,6
372,surf_hob,3,Linear,Syncronyze,https://www.youtube.com/watch?v=wlC4Uzj9YsE,1,2
373,surf_greenhouse,4,Linear,Sagan,https://www.youtube.com/watch?v=HFtBMFTpdn4,1,1
374,surf_not_so_quick,4,Staged,Sam,https://www.youtube.com/watch?v=ZBpxNwKqBZU,4,6
375,surf_delight_go,2,Linear,aqresiv3,https://www.youtube.com/watch?v=llprCDlj4ZY,1,3
376,surf_whoknows3,4,Linear,Malt,https://www.youtube.com/watch?v=r_gM7seIuVM,1,0
377,surf_fortum,2,Staged,"Hardex, Tioga060 & Juxtapo",https://www.youtube.com/watch?v=e90kJ7gcnpA,5,2
378,surf_andromeda,1,Linear,Syncronyze,https://www.youtube.com/watch?v=gO7cTPI8gsY,1,1
379,surf_devil,7,Staged,Collab,https://www.youtube.com/watch?v=7xREQG_xsV8,4,1
380,surf_zbig2,3,Staged,Collab,https://www.youtube.com/watch?v=-Uy4Cj-BT3M,7,2
381,surf_hero,5,Staged,Biji,https://www.youtube.com/watch?v=GyJPCdsdiRE,4,5
382,surf_rst,4,Staged,caaz,https://www.youtube.com/watch?v=ps0i3zzWcDU,4,1
383,surf_chasm_go,5,Linear,Sid,https://www.youtube.com/watch?v=dJdHQvKegXM,1,4
384,surf_palm,2,Linear,Xtra_Festive,https://www.youtube.com/watch?v=owHI9eB5QYE,1,2
385,surf_sandtrap2,2,Linear,ArcticPanda,https://www.youtube.com/watch?v=ubhfY39BlrQ,1,4
386,surf_golden_fix,3,Linear,Koga73,https://www.youtube.com/watch?v=SmJxozYKVfg,1,3
387,surf_papertown,2,Linear,Sam,https://www.youtube.com/watch?v=nNhjokHTrAU,1,5
388,surf_germania,5,Staged,Collab,https://www.youtube.com/watch?v=8bj8-NAMkXQ,6,2
389,surf_cinnamon,5,Linear,wayne3288,https://www.youtube.com/watch?v=5THQbh7lAao,1,3
390,surf_summit,1,Linear,Juxtapo & Phurix,https://www.youtube.com/watch?v=uHsXsy61na8,1,3
391,surf_nebula,2,Linear,iNooVa,https://www.youtube.com/watch?v=qZwocgXR5UM,1,3
392,surf_life_of_cow,3,Staged,krealington,https://www.youtube.com/watch?v=rxcz-3W4UP8,5,2
393,surf_hollow,5,Linear,vampiricx,https://www.youtube.com/watch?v=Olqv6ZxQ0Nw,1,2
394,surf_ezclap,3,Staged,sjom7e,https://www.youtube.com/watch?v=6meBnasNGFE,5,1
395,surf_zor,2,Linear,kRALLE,https://www.youtube.com/watch?v=y178XBZ82aM,1,1
396,surf_dova,5,Linear,Hork,https://www.youtube.com/watch?v=ufWVkZqtXro,1,2
397,surf_eggplant,2,Linear,HammY,https://www.youtube.com/watch?v=n7vbClPeeqA,1,3
398,surf_clavius,5,Staged,Horsefeathers,https://www.youtube.com/watch?v=iJfO7IIebw4,6,0
399,surf_parc_colore,3,Staged,Exither,https://www.youtube.com/watch?v=gHaIBX4sCqA,6,4
400,surf_low_production,3,Staged,Mr Cow,https://www.youtube.com/watch?v=T4sqB6yA_rw,3,2
401,surf_volcanic,4,Linear,Spy Complex,https://www.youtube.com/watch?v=qADjzqm1Pnk,1,1
402,surf_shoria,5,Staged,razEr,https://www.youtube.com/watch?v=sJVZ9NazL-4,5,1
403,surf_amateur_v2b,3,Staged,Collab,https://www.youtube.com/watch?v=9X-_ObQ_ajQ,6,1
404,surf_occur,3,Staged,Xtra_Festive,https://www.youtube.com/watch?v=nawADpqsaFU,3,1
405,surf_depressing,3,Staged,serz,https://www.youtube.com/watch?v=fqJh50mfksM,12,0
406,surf_synada,4,Linear,Hesuka,https://www.youtube.com/watch?v=0FZsSZ9UaRA,1,3
407,surf_frost,1,Linear,Xtra_Festive,https://www.youtube.com/watch?v=4utOBS-T3_8,1,8
408,surf_epithet,4,Linear,BlueRaven,https://www.youtube.com/watch?v=Wwvf8iZawnw,1,2
409,surf_impact,3,Staged,Sangre Nueva,https://www.youtube.com/watch?v=osrNm2o2O4Q,6,0
410,surf_paddy,2,Staged,Hardex,https://www.youtube.com/watch?v=0kA5qbSR_ow,4,2
411,surf_pagoda,3,Linear,pretzL,https://www.youtube.com/watch?v=2mZ5mQy4k20,1,3
412,surf_axiom,4,Linear,krealington,https://www.youtube.com/watch?v=3x67YtCkYrA,1,4
413,surf_our,5,Linear,not_a_zombie,https://www.youtube.com/watch?v=lXWam39nyKw,1,4
414,surf_ivory,2,Linear,Sid,https://www.youtube.com/watch?v=6TC_Q6DkRSE,1,3
415,surf_quickie,3,Linear,Sam,https://www.youtube.com/watch?v=BpgHbAHw9GE,1,5
416,surf_gekar,4,Staged,caaz,https://www.youtube.com/watch?v=eXyu4yo7mvI,4,2
417,surf_saturday_fix,2,Linear,iamsupaman,https://www.youtube.com/watch?v=ZfukX2l9SY0,1,2
418,surf_not_so_disaster,2,Linear,mr.25,https://www.youtube.com/watch?v=sq9_i2xVAY0,1,5
419,surf_not_so_zen_fix,7,Linear,mr.25,https://www.youtube.com/watch?v=dOidnJ0vM2s,1,6
420,surf_flow,2,Linear,Koga73,https://www.youtube.com/watch?v=DLB-VeI58D0,1,0
421,surf_runewords2,4,Staged,Biji,https://www.youtube.com/watch?v=vRcE4nfDt1U,4,6
422,surf_drifting,4,Staged-Linear,murglegurgle,https://www.youtube.com/watch?v=2lAvDLHekHQ,5,1
423,surf_beverages_remix_go,2,Staged,Sid,https://www.youtube.com/watch?v=tk0zD2e39Qs,8,3
424,surf_subway,3,Linear,pretzL,https://www.youtube.com/watch?v=tA5M7pNdnDc,1,3
425,surf_highlands,5,Staged,ArcticPanda,https://www.youtube.com/watch?v=5gM3uZDehnM,5,4
426,surf_neoteric,4,Staged,Sam,https://www.youtube.com/watch?v=1eQJxwr71Ps,5,4
427,surf_christmas2_fix,4,Staged,Collab,https://www.youtube.com/watch?v=X-auigQ8fVQ,9,1
428,surf_vast,7,Staged,Krealington,https://www.youtube.com/watch?v=UeBJ_ImHSCo,5,1
429,surf_grid,5,Staged,Gorange_Ninja,https://www.youtube.com/watch?v=iy-7Gw1E5FY,9,4
430,surf_gleam,2,Linear,TruMatrix,https://www.youtube.com/watch?v=c4rAOWKUoB4,1,2
431,surf_dragon,2,Linear,yoghurt,https://www.youtube.com/watch?v=Z8VoSyGUkIs,1,1
432,surf_benevolent,2,Staged,Syncronyze,https://www.youtube.com/watch?v=Tu_-VZVPuJs,7,1
433,surf_jaqen2,3,Linear,Hardex,https://www.youtube.com/watch?v=mLTl3RXTe-U,1,3
434,surf_facility,4,Linear,Krealington,https://www.youtube.com/watch?v=00WHMzHDyuY,1,4
435,surf_eryr,4,Staged,RNC1839,https://www.youtube.com/watch?v=yDvRdOYRDPU,4,3
436,surf_hope,4,Staged,Collab,https://www.youtube.com/watch?v=P5fEWO_fs9M,3,1
437,surf_goliath,7,Staged,Hardex,https://www.youtube.com/watch?v=dRiyTKr--N0,4,4
438,surf_amir,2,Linear,Koga73,https://www.youtube.com/watch?v=NObIvs4mnZ4,1,1
439,surf_izded,5,Staged,mr.25,https://www.youtube.com/watch?v=zXTC08Y11Ys,4,3
440,surf_delta,4,Staged,Sense & krealington,https://www.youtube.com/watch?v=b4lAQsCWRM4,5,2
441,surf_stickybutt_alpha,3,Linear,Roosta & Panzer,https://www.youtube.com/watch?v=o8KZATCL_i4,1,1
442,surf_goat_fix,4,Staged,Xtra_Festive,https://www.youtube.com/watch?v=1YUTj7J8rIM,8,2
443,surf_bullet,6,Staged,[Collab],https://www.youtube.com/watch?v=YE9PR8iOKZ4,5,1
444,surf_sh,4,Staged,Nano,https://www.youtube.com/watch?v=z0JCWDyrDg8,4,0
445,surf_take1,3,Linear,MonkeyWithAGun,https://www.youtube.com/watch?v=hkN5r5emfHY,1,1
446,surf_ambient_njv,4,Linear,Pimp Juice & Razer,https://www.youtube.com/watch?v=OIh7Kaot1CY,1,0
447,surf_resource,4,Staged,Biji,https://www.youtube.com/watch?v=JS_3WKY9ulE,4,4
448,surf_technique,5,Staged,Xtra,https://www.youtube.com/watch?v=8hRY0n97O7c,7,5
449,surf_mdrn,5,Linear,Collab,https://www.youtube.com/watch?v=8hVygINh-CY,1,4
450,surf_eunoia,3,Linear,krealington,https://www.youtube.com/watch?v=lEPDnT1Xkt0,1,3
451,surf_mudkip_fix,4,Linear,RNC1839,https://www.youtube.com/watch?v=L4uF8Q1g7Aw,1,5
452,surf_disaster,6,Linear,mr.25,https://www.youtube.com/watch?v=UCU4lEYfiXM,1,2
453,surf_extremex,3,Staged,Tioga060,https://www.youtube.com/watch?v=fP3IT1uMpHI,8,0
454,surf_zealand,2,Linear,Xbmann,https://www.youtube.com/watch?v=uPGfbwCePX4,1,2
455,surf_trapped2,4,Staged,ArcticPanda,https://www.youtube.com/watch?v=yPFFH25OYNI,6,2
456,surf_motion1,6,Linear,Masog,https://www.youtube.com/watch?v=l0cp1D2sm3s,1,0
457,surf_summer,2,Staged,Collab,https://www.youtube.com/watch?v=r0MgRV7tXWU,11,0
458,surf_execute,3,Linear,Vivio,https://www.youtube.com/watch?v=oBN3Ge5ldSE,1,3
459,surf_oompa2,4,Linear,Lody,https://www.youtube.com/watch?v=SE1_XmrFIu8,1,1
460,surf_trihard_go,4,Staged,sjom7e,https://www.youtube.com/watch?v=xXnEHMkvk5w,6,2
461,surf_runewords,4,Staged,Biji,https://www.youtube.com/watch?v=7JDJvoZCe9Y,4,4
462,surf_hades,6,Staged,ArcticPanda,https://www.youtube.com/watch?v=eur8fIN4dSg,7,2
463,surf_death_of_a_martian,5,Staged,Gorange_Ninja,https://www.youtube.com/watch?v=HBVowI0dgNQ,5,1
464,surf_stonework4,6,Staged,Mr.Cow,https://www.youtube.com/watch?v=dtABQPu1yAo,7,0
465,surf_aux,4,Staged,twistedVoid,https://www.youtube.com/watch?v=V3jXkWCzXJQ,2,2
466,surf_stagejuan_ksf,3,Linear,Inverted Moongoat,https://www.youtube.com/watch?v=RA_cYTS-wY0,1,5
467,surf_driftless,2,Linear,murglegurgle,https://www.youtube.com/watch?v=l3x_Eb33k-I,1,1
468,surf_ultimate,4,Staged,SpexiS,https://www.youtube.com/watch?v=HcJTynHewHw,5,0
469,surf_zen_fix,6,Staged,mr.25,https://www.youtube.com/watch?v=POv9WVsU0ss,4,3
470,surf_core_fix,5,Staged,Collab,https://www.youtube.com/watch?v=RbkYTZEYnUU,6,2
471,surf_map_h,6,Linear,Pand3mic,https://www.youtube.com/watch?v=ORQgFSRkCfY,1,0
472,surf_savant_njv,4,Staged,Collab,https://www.youtube.com/watch?v=AoibOu2vmmA,7,1
473,surf_crystal,3,Staged,Copy-Mark,https://www.youtube.com/watch?v=6GXbvS90PZ0,6,1
474,surf_proliferation,4,Staged,krealington,https://www.youtube.com/watch?v=c2Ov9VD88mA,5,2
475,surf_anthropomorphic,3,Staged,Furchee,https://www.youtube.com/watch?v=aLVneu1TQ_g,10,1
476,surf_plaguelands_beta7a,3,Staged,Ryan S,https://www.youtube.com/watch?v=q6oKsMYyCcI,6,1
477,surf_aeron,3,Linear,Ins,https://www.youtube.com/watch?v=Ep7F5XlD_78,1,1
478,surf_lost,3,Staged,Flux,https://www.youtube.com/watch?v=JrpKVD7fGfs,4,4
479,surf_compact,3,Staged,Billy,https://www.youtube.com/watch?v=6Md-7YAJ_rw,5,0
480,surf_xd,4,Staged,Granis,https://www.youtube.com/watch?v=9_p4J65cTH4,2,1
481,surf_semesterbreak,2,Linear,Sam,https://www.youtube.com/watch?v=CNLvNHRM6IE,1,0
482,surf_marbleblast_e,2,Staged,BlueRaven,https://www.youtube.com/watch?v=0i5GxEmR-co,5,0
483,surf_tempest2,3,Linear,Hardex,https://www.youtube.com/watch?v=bDKM7YlbrgQ,1,2
484,surf_be_gentle,3,Staged,krealington,https://www.youtube.com/watch?v=t0jtq9b_JVE,4,2
485,surf_damn,5,Linear,Biji,https://www.youtube.com/watch?v=71LvvOdzYGM,1,2
486,surf_forgotten,1,Linear,Biji,https://www.youtube.com/watch?v=2JTjuDrJotw,1,6
487,surf_illumination2,4,Staged,Collab,https://www.youtube.com/watch?v=Vijx403lKKY,6,3
488,surf_eon,5,Linear,Sense,https://www.youtube.com/watch?v=CzYngyoQMYM,1,3
489,surf_orthodox_fix,2,Staged,ArcticPanda,https://www.youtube.com/watch?v=usxLDVjjzFE,16,4
490,surf_again_njv,5,Linear,Ch1!!3r,https://www.youtube.com/watch?v=oJqAxNUYfLQ,1,0
491,surf_salient2,5,Staged,Collab,https://www.youtube.com/watch?v=-nqOzdewzNg,4,2
492,surf_wizard,3,Staged,Biji,https://www.youtube.com/watch?v=HxVbUoPAh2U,5,3
493,surf_noble,2,Staged,ArcticPanda,https://www.youtube.com/watch?v=d0IH3pQS6iI,5,1
494,surf_seraph,5,Linear,Cyber,https://www.youtube.com/watch?v=ZSEU1ir0HcM,1,1
495,surf_tronia,3,Staged,Sangre Nueva,https://www.youtube.com/watch?v=t9nvvgwd7nE,4,3
496,surf_tenacious,3,Staged,meowie,https://www.youtube.com/watch?v=4lliJ9YiD7w,4,0
497,surf_collaboration,4,Staged,Grueddi & Chuck Norris,https://www.youtube.com/watch?v=-h9bYafSRDo,8,0
498,surf_ixtab,4,Staged,Sacred & Rapsodia,https://www.youtube.com/watch?v=eeLT2qCWyBo,6,1
499,surf_serenity,3,Staged,Hardex,https://www.youtube.com/watch?v=KE0nt67mXco,3,3
500,surf_atlantis,4,Linear,Gorange_Ninja,https://www.youtube.com/watch?v=-suV33Dj86Y,1,1
501,surf_vector_final,4,Staged,Lucky Charms,https://www.youtube.com/watch?v=py3IHjqgIC8,4,1
502,surf_aqua_fix,2,Linear,xRyanNitro,https://www.youtube.com/watch?v=-V_CP3_K4YA,1,1
503,surf_finesse_final,4,Staged,[Collab],https://www.youtube.com/watch?v=1ww5XQlHnrs,6,0
504,surf_insignia_b1,4,Staged,Linus,https://www.youtube.com/watch?v=OzQ9a4DgeKo,5,0
505,surf_rooftopsv2,1,Staged,Koga73,https://www.youtube.com/watch?v=advpLiwSv7w,8,0
506,surf_wazor,4,Staged,[Collab],https://www.youtube.com/watch?v=yF6C-N4-AvQ,5,0
507,surf_calycate_ksf,1,Linear,ArcticPanda,https://www.youtube.com/watch?v=LqYkokrSBY8,1,1
508,surf_guitar_hi,2,Linear,Masog,https://www.youtube.com/watch?v=JVP8RB-LHQo,1,1
509,surf_kinetic,4,Staged,Mumble98,,5,2
510,surf_domain,2,Linear,Sid,https://www.youtube.com/watch?v=sZ-psv7Ml6U,1,2
511,surf_neoplasma_ksf,4,Staged,Kujoen,https://www.youtube.com/watch?v=zPFYyeZgd2c,6,2
512,surf_inrage2,4,Linear,Ch!ll3r,https://www.youtube.com/watch?v=2PLa4em80Tg,1,1
513,surf_advanced,3,Staged,b0at,https://www.youtube.com/watch?v=TKlXEIjfZn8,7,1
514,surf_s_t_a_t_i_o_n,3,Staged,[Collab],https://www.youtube.com/watch?v=g-EAVHo6ibI,7,0
515,surf_fast,3,Staged,Panzer & Tioga060,https://www.youtube.com/watch?v=2jJkZEnQBBo,4,2
516,surf_ripper,3,Staged,JackTheStripper,https://www.youtube.com/watch?v=TI79Zvdhoo0,4,1
517,surf_unusual_njv,5,Staged,InC,,4,0
518,surf_diamond_beta1,5,Staged,raptor,https://www.youtube.com/watch?v=0XZsSlkwWMI,4,1
519,surf_amaro_fix,6,Linear,Flaudgin,https://www.youtube.com/watch?v=uxUgrYrxqRU,1,1
520,surf_rez,2,Staged,Xbmann,https://www.youtube.com/watch?v=AXo4h6tj4Xc,6,2
521,surf_lavaflow,2,Linear,Kiiru,https://www.youtube.com/watch?v=pntYGmLzT5A,1,0
522,surf_horizon_njv,1,Linear,Kompile,https://www.youtube.com/watch?v=2zZSr4FcVzQ,1,0
523,surf_deprecation,3,Staged,not_a_zombie,https://www.youtube.com/watch?v=gLmkWzZy1Ss,5,1
524,surf_elysium3,5,Staged,Sacred,https://www.youtube.com/watch?v=aUrlf1P-6wA,4,2
525,surf_sandtrap,2,Linear,ArcticPanda,https://www.youtube.com/watch?v=dbumtArGDGs,1,3
526,surf_commune_again_beta5,3,Staged,Unknown,https://www.youtube.com/watch?v=vkLg3QbnAj0,7,0
527,surf_exurbia_v2,2,Staged,ArcticPanda,https://www.youtube.com/watch?v=4VaSSarEWTg,5,1
528,surf_halloween,4,Staged,[Collab],https://www.youtube.com/watch?v=mw0n2Z8oSXI,5,2
529,surf_looksmodern,6,Staged,Tioga060,https://www.youtube.com/watch?v=3i8Xwd5KINA,5,0
530,surf_trapped,5,Staged,ArcticPanda,https://www.youtube.com/watch?v=__AByG6pGww,6,2
531,surf_torrent_njv_fix,2,Linear,Egan,https://www.youtube.com/watch?v=QnEdGodCKJc,1,1
532,surf_kaboom,3,Staged,Pickles,https://www.youtube.com/watch?v=Q1Bwi1rvZPI,5,1
533,surf_android_csgo,5,Staged,Xtra_Festive,https://www.youtube.com/watch?v=2Qz-yiiHkJ4,8,2
534,surf_gold1,2,Linear,kaneejn,https://www.youtube.com/watch?v=DtrTpJ7qiaQ,1,0
535,surf_reytx,1,Staged,Xtra_Festive,https://www.youtube.com/watch?v=HMJ16-Tlt6Q,7,2
536,surf_animals_ksf,3,Staged,[Collab],https://www.youtube.com/watch?v=zAe6Vb_5KU4,11,1
537,surf_orbion,4,Staged,[Collab],https://www.youtube.com/watch?v=dpwl-aiG3v4,6,0
538,surf_rands,4,Staged-Linear,monkeywithagun,https://www.youtube.com/watch?v=pikWQLqvlto,8,2
539,surf_tempest,3,Linear,Hardex,https://www.youtube.com/watch?v=pFMcIxtoIv4,1,3
540,surf_4head_csgo,2,Linear,sjom7e,https://www.youtube.com/watch?v=kvTn-Y4Rt1E,1,4
541,surf_alpha,6,Staged,Gorange_Ninja,https://www.youtube.com/watch?v=qEb0-fbCxqw,18,0
542,surf_brutalist,5,Staged,Hardex,https://www.youtube.com/watch?v=EWaqccG8v7I,4,1
543,surf_z,5,Staged,scaz.zaf,https://www.youtube.com/watch?v=3clOUfRaHTg,5,1
544,surf_minecraft,5,Linear,b0at,https://www.youtube.com/watch?v=Tt9uuDIQ2mY,1,2
545,surf_static,3,Staged,godowner,https://www.youtube.com/watch?v=evy_ji3PWvY,7,1
546,surf_bonus,5,Staged,Gorange_Ninja,https://www.youtube.com/watch?v=tPKKaeCNS9c,13,0
547,surf_ghost_busters,4,Staged,[Collab],https://www.youtube.com/watch?v=Ak5gUT6dEo0,15,1
548,surf_dionysus,5,Linear,LightninG,https://www.youtube.com/watch?v=nPEkRCqvllw,1,0
549,surf_y,4,Staged,scaz.zaf,https://www.youtube.com/watch?v=D3Jq0u3dHqo,24,3
550,surf_adtr_njv,3,Staged,Ch!llers,https://www.youtube.com/watch?v=1GMo8IYENp8,4,1
551,surf_deceptive_final,3,Staged,razEr,https://www.youtube.com/watch?v=XdoBd9BXKeM,5,1
552,surf_southpark_refix,1,Staged,k3ano,https://www.youtube.com/watch?v=5vtiAeCchAs,4,0
553,surf_colum_2,1,Staged,wiuuuh,https://www.youtube.com/watch?v=CqtqIw1Zw2U,6,1
554,surf_transient,5,Staged,[Collab],https://www.youtube.com/watch?v=zDwnbRO8ups,9,1
555,surf_mesa_revo,1,Linear,Arblarg,https://www.youtube.com/watch?v=n46-h1DUXUE,1,0
556,surf_lepidus,4,Staged,Tilt,https://www.youtube.com/watch?v=w9Wug3zmLZo,7,1
557,surf_surprise,2,Staged,wiuuuh,https://www.youtube.com/watch?v=aKAGYZKKxuY,5,2
558,surf_lab,4,Linear,Tech,https://www.youtube.com/watch?v=rILoS2TF6TI,1,2
559,surf_minecraft_2016_final,1,Staged,MaverickBg,https://www.youtube.com/watch?v=ACc1kL6pJlA,10,3
560,surf_jaqen,4,Linear,Hardex,https://www.youtube.com/watch?v=pfQl5dVRBQQ,1,3
561,surf_christmas_fix,3,Staged,[Collab],https://www.youtube.com/watch?v=U4JRnOUQq7E,9,2
562,surf_map_njv,5,Linear,Pand3mic,https://www.youtube.com/watch?v=blJSogI7T0A,1,1
563,surf_cartoon,3,Staged,Gorange_Ninja,https://www.youtube.com/watch?v=v6sd_xekErk,5,1
564,surf_calycate2,1,Linear,ArcticPanda,https://www.youtube.com/watch?v=CEh4ZNsve5I,1,1
565,surf_pancake,4,Linear,Hardex,https://www.youtube.com/watch?v=W-IIFiR96F0,1,1
566,surf_tioga060,3,Staged,Tioga060,https://www.youtube.com/watch?v=dWJPYEX3B5o,3,0
567,surf_phantoml0rd_beta,3,Staged,Tioga060,https://www.youtube.com/watch?v=Guh41fi98OI,3,0
568,surf_me,1,Staged,not_a_zombie,https://www.youtube.com/watch?v=uxJHicafzHk,5,4
569,surf_salient,5,Staged,[Collab],https://www.youtube.com/watch?v=vQWDF8kSSLE,4,2
570,surf_minimumwage,3,Staged-Linear,Serz,https://www.youtube.com/watch?v=fc800XnhuYE,6,1
571,surf_razer_final,3,Staged,Compact,https://www.youtube.com/watch?v=wRPsraGOCG8,4,0
572,surf_sensation_fix,4,Staged,Billy & Sangre Nueva,https://www.youtube.com/watch?v=OyFlisbyCsI,4,0
573,surf_urban,4,Linear,Gorange_Ninja,https://www.youtube.com/watch?v=l2kQkwN3zts,1,0
574,surf_duggywuggy,2,Linear,Douglas Rattman,https://www.youtube.com/watch?v=onYWCPp1CpY,1,1
575,surf_prosaic,3,Staged,t3tra,https://www.youtube.com/watch?v=aBvX0W6UQws,5,0
576,surf_vale2,3,Staged,Xtra_Festive,https://www.youtube.com/watch?v=l9QobTT9zAo,5,1
577,surf_666,6,Staged,Juxtapo,https://www.youtube.com/watch?v=vmtRDayXIM4,6,6
578,surf_chaos_fix,1,Staged,LEO,https://www.youtube.com/watch?v=ilEHwME1_gM,3,1
579,surf_ethereal,2,Staged,[Collab],https://www.youtube.com/watch?v=33kuaau4YNY,3,2
580,surf_rstar,4,Linear,COUNTERWEIGHT,https://www.youtube.com/watch?v=67EmRDQWX9w,1,0
581,surf_the_distance,5,Linear,[Collab],https://www.youtube.com/watch?v=8q8kL3_RqG4,1,4
582,surf_goldarn,4,Linear,FalseLogic,https://www.youtube.com/watch?v=AM6xc57IpHE,1,1
583,surf_meme,3,Staged,[Collab],https://www.youtube.com/watch?v=JSfnAgywrCw,9,2
584,surf_freedom,4,Staged,Smashed,https://www.youtube.com/watch?v=rTyJtImXF9g,5,0
585,surf_kalium2,4,Linear,Helix,https://www.youtube.com/watch?v=XaPlSd1FFSw,1,0
586,surf_ragequit,4,Staged,Kiiru,https://www.youtube.com/watch?v=JGFCe5Vp8qU,6,0
587,surf_creation,3,Staged,[Collab],https://www.youtube.com/watch?v=V9hfNjqUyCM,5,1
588,surf_sanding_ksf,3,Staged,Compact,https://www.youtube.com/watch?v=lhah9xGQ3gA,6,0
589,surf_velocity,3,Staged,[Collab],https://www.youtube.com/watch?v=qK92MiIBMf8,6,1
590,surf_hydrogen_v2,3,Linear,waffleburger,https://www.youtube.com/watch?v=vaRPGG3JT_k,1,0
591,surf_proximity_final,3,Staged,[Collab],https://www.youtube.com/watch?v=Iu_6f3KC-2A,6,1
592,surf_distraction_v2,3,Staged,Sacred,https://www.youtube.com/watch?v=4QbpgCu2Fqk,5,1
593,surf_network_2013,3,Linear,Ryan Sterner,https://www.youtube.com/watch?v=8Gj1xsRT574,1,0
594,surf_boring,2,Staged,[Collab],https://www.youtube.com/watch?v=j4JkXyZfqWc,16,0
595,surf_retroartz,3,Linear,razEr,https://www.youtube.com/watch?v=TvvfpygzpTs,1,0
596,surf_torque,3,Staged,Sangre Nueva,https://www.youtube.com/watch?v=OqWgT64gWMc,4,2
597,surf_torque2,3,Staged,Sangre Nueva,https://www.youtube.com/watch?v=m_RIxMd142Y,4,2
598,surf_plethora_fix,3,Linear,THAY-imagine-,https://www.youtube.com/watch?v=btZ0u5p3AQs,1,0
599,surf_catalyst,4,Linear,Copy-Mark,https://www.youtube.com/watch?v=WHAZ1ixYX3c,1,0
600,surf_stoneage,5,Linear,b0at,https://www.youtube.com/watch?v=K6_UFusSg6A,1,1
601,surf_twilight,2,Linear,God Damnit Nappa,https://www.youtube.com/watch?v=sml1fedw47E,1,2
602,surf_miracle,3,Staged,Mazzo,https://www.youtube.com/watch?v=9maSl-TWzGo,4,1
603,surf_sinister2,6,Staged,[Collab],https://www.youtube.com/watch?v=ulwWHEavp8A,5,2
604,surf_25_lighters,4,Linear,Big Blue,https://www.youtube.com/watch?v=464_5FJX_1A,1,3
605,surf_auroria_ksf,3,Staged,Escencia,https://www.youtube.com/watch?v=xJrcMM35Lx4,6,1
606,surf_blackout_v1,3,Linear,God Damnit Nappa,https://www.youtube.com/watch?v=p1waYp_gDJs,1,0
607,surf_bluewall,3,Staged,Biji,https://www.youtube.com/watch?v=PdRxJhRdZk0,4,0
608,surf_canisius,3,Staged,Billy,https://www.youtube.com/watch?v=C_g8gxKtUt8,5,0
609,surf_canisius2_fix,3,Staged,Billy,https://www.youtube.com/watch?v=ptk0eBKuL28,5,0
610,surf_cordelia,4,Staged,razEr,https://www.youtube.com/watch?v=txBmY8Cuyt8,4,0
611,surf_cubic,3,Staged,Scaz.zaf,https://www.youtube.com/watch?v=ZjF9kEzOORg,28,0
612,surf_cyanide,3,Linear,Diealready,https://www.youtube.com/watch?v=X_e3__G_A44,1,0
613,surf_epicube_ksf,2,Linear,Rippey,https://www.youtube.com/watch?v=252uj_58ST8,1,2
614,surf_euphoria,4,Staged,Billy,https://www.youtube.com/watch?v=Wixf-3Q6Gvw,2,0
615,surf_exogenesis,3,Linear,Pyanih Ezhik,https://www.youtube.com/watch?v=Pu4LrTUb-1A,1,1
616,surf_globalchaos,3,Staged,LiNus,https://www.youtube.com/watch?v=1gzGo2AHAkU,3,1
617,surf_halloween_tf,2,Linear,Egan,https://www.youtube.com/watch?v=eytUQmh57JM,1,0
618,surf_happyhands3,3,Linear,Kiiru,https://www.youtube.com/watch?v=HqaWPQmapKQ,1,3
619,surf_masonry,4,Staged,Mr Cow,https://www.youtube.com/watch?v=M1_g9KSylCc,2,0
620,surf_metalwall,4,Linear,Hulda,https://www.youtube.com/watch?v=mceQe7xnCrs,1,0
621,surf_mushroom_ksf,3,Linear,CKM,https://www.youtube.com/watch?v=Wj-wV6Oj67g,1,1
622,surf_neo_njv,2,Linear,caat,https://www.youtube.com/watch?v=6NiMpin3pv0,1,0
623,surf_neon_final,2,Staged,Ch1!!3r,https://www.youtube.com/watch?v=XqM0D-eCkoI,4,1
624,surf_ny_platinum,2,Staged,FAJ,https://www.youtube.com/watch?v=m-wJRv1Vkdc,6,1
625,surf_prosperity_v2,4,Staged,Fuddy,https://www.youtube.com/watch?v=r-kqFXZs2CQ,7,0
626,surf_sci_fi,3,Staged,[Collab],https://www.youtube.com/watch?v=3np6lnXZHUE,3,0
627,surf_second_ksf,3,Linear,NotAZombie,https://www.youtube.com/watch?v=7tvgcqCP8CQ,1,1
628,surf_sinsane_ez,3,Linear,mbopferkuch,https://www.youtube.com/watch?v=NZvYZsS9nRk,1,1
629,surf_telstar,3,Linear,Kompile,https://www.youtube.com/watch?v=90OZqPo4S18,1,0
630,surf_wisdom,3,Staged,watti,https://www.youtube.com/watch?v=dN6etkeEaUY,10,0
631,surf_zbig_rc2,2,Staged,Big Blue,https://www.youtube.com/watch?v=tTOuKli2WnA,7,2
632,surf_004_fix,2,Linear,MonkeyWithAGun,https://www.youtube.com/watch?v=69YHjdTwjss,1,1
633,surf_1day,3,Staged,[Collab],https://www.youtube.com/watch?v=yQaM6FYJR_Q,11,1
634,surf_2012_beta12,3,Staged,[Collab],https://www.youtube.com/watch?v=tIsv4Kg2GEk,6,1
635,surf_2pacisalive,2,Linear,Umg_,https://www.youtube.com/watch?v=o9NU0er4hZs,1,1
636,surf_3,3,Linear,Umg_,https://www.youtube.com/watch?v=qUxFt_kJRxs,1,0
637,surf_4dimensional,4,Staged-Linear,Streebree,https://www.youtube.com/watch?v=IGKuz2wHVao,4,1
638,surf_6,2,Linear,Essence,https://www.youtube.com/watch?v=Qx-XqfrkDmM,1,1
639,surf_81st_network,2,Staged-Linear,Ryan Sterner,https://www.youtube.com/watch?v=y8DS-G5Zv38,4,1
640,surf_a,3,Staged,Umg_,https://www.youtube.com/watch?v=CEUR3FgERY0,5,0
641,surf_abstinens,3,Staged,Umg_,https://www.youtube.com/watch?v=IeGkL_TJRCc,5,0
642,surf_abyss_fix,4,Staged,Ninjaplz{No Sound},https://www.youtube.com/watch?v=oINib0GBgVI,7,0
643,surf_ace,1,Staged-Linear,Juxtapo,https://www.youtube.com/watch?v=5uM8qru3Ok4,8,1
644,surf_acerbus,5,Staged,razEr,https://www.youtube.com/watch?v=Z7-ufyGg72Q,6,0
645,surf_acp_fix,3,Staged,Panzer,https://www.youtube.com/watch?v=o2c62_C-V3w,9,0
646,surf_adventure_final,4,Linear,Gorange Ninja,https://www.youtube.com/watch?v=DdLjS-dxZ4A,1,7
647,surf_aether,2,Linear,Scaz.zaf,https://www.youtube.com/watch?v=GjDD3aVq-AU,1,0
648,surf_aircontrol_ksf,1,Linear,SnoopSh,https://www.youtube.com/watch?v=dkxOxTNtvwA,1,2
649,surf_airflow,4,Staged,Enjooi,https://www.youtube.com/watch?v=d2kO0gNeQQo,6,1
650,surf_akai_final_fix,1,Linear,akai,https://www.youtube.com/watch?v=hGxAPR6p2-Q,1,0
651,surf_alend,4,Linear,Ranth,https://www.youtube.com/watch?v=aQxoShTe1_0,1,0
652,surf_amplitude_apex,3,Staged,Buck Nasty,https://www.youtube.com/watch?v=qhGHI-hLfHE,3,0
653,surf_amplitude_encore,2,Linear,Buck Nasty,https://www.youtube.com/watch?v=tBpPt0vCDfA,1,0
654,surf_amplitude_light,2,Linear,Buck Nasty,https://www.youtube.com/watch?v=Ji8BPxnLAtw,1,0
655,surf_annoyance_njv,2,Staged,svbg869,https://www.youtube.com/watch?v=BtZonhBO2nE,5,0
656,surf_antimatter_v2,4,Staged,Horsefeathers,https://www.youtube.com/watch?v=NLz7MIoaSdE,6,0
657,surf_apollonian,4,Staged,[Collab],https://www.youtube.com/watch?v=LKnCLloiZ1E,9,0
658,surf_artifex,4,Staged,Billy,https://www.youtube.com/watch?v=CtWCLDmFH7w,4,1
659,surf_asrown,3,Staged-Linear,Escencia,https://www.youtube.com/watch?v=hbp9JmaG5xI,3,1
660,surf_atlas,2,Linear,Val,https://www.youtube.com/watch?v=NU1_fGcN0Ho,1,0
661,surf_atrium,2,Staged,ArcticPanda,https://www.youtube.com/watch?v=C6uFLDeD46Q,6,1
662,surf_auroria2,4,Staged,Escencia,https://www.youtube.com/watch?v=jtDf4XoFiFQ,7,1
663,surf_awakening,3,Staged,Skyppy (?),https://www.youtube.com/watch?v=Kc_7kTXpg2I,4,1
664,surf_aweles,1,Staged,Mazzo,https://www.youtube.com/watch?v=UpPPHV6kreg,5,0
665,surf_b_r_o_x_x_x,3,Staged,[Collab],https://www.youtube.com/watch?v=R8JwMq3ZC14,5,0
666,surf_bbb,3,Staged,Aux,https://www.youtube.com/watch?v=AT_D7-dP-oI,6,2
667,surf_beginner,1,Staged,Kiiru,https://www.youtube.com/watch?v=rZ29V-v0Ego,7,0
668,surf_beginner_hell,4,Staged,dotone,https://www.youtube.com/watch?v=eBdpnG0hQFM,7,1
669,surf_beyer,4,Linear,Juxtapo,https://www.youtube.com/watch?v=tII9P-TcMb4,1,1
670,surf_beyer2,4,Linear,Juxtapo,https://www.youtube.com/watch?v=5NX9zhUZc8o,1,5
671,surf_blackside,4,Staged,Pupsik,https://www.youtube.com/watch?v=i1zPDUIb0Pw,5,0
672,surf_bluewinter_final,4,Linear,iamsupaman,https://www.youtube.com/watch?v=D_u12vVizk8,1,1
673,surf_bob,3,Staged,ptad,https://www.youtube.com/watch?v=R-XaFrl_h0c,11,1
674,surf_borderlands,1,Staged,Wall-E,https://www.youtube.com/watch?v=-Z_443Jpeyk,7,0
675,surf_bork_nbv,3,Staged,[Collab],https://www.youtube.com/watch?v=yZIlI71J9zY,7,1
676,surf_calamity_njv,3,Staged,SacRed,https://www.youtube.com/watch?v=GMM88YbyjJA,5,0
677,surf_calamity2,4,Staged,SacRed,https://www.youtube.com/watch?v=UAUCpVYf0gQ,5,0
678,surf_calibration,4,Linear,SacRed,https://www.youtube.com/watch?v=TWJNPbzRE88,1,1
679,surf_castlewalls,5,Staged,Gorange Ninja,https://www.youtube.com/watch?v=UUv5ey5EWwM,6,2
680,surf_catalyst2,4,Linear,razEr,https://www.youtube.com/watch?v=WHAZ1ixYX3c,1,0
681,surf_classics,2,Staged,Panzer,https://www.youtube.com/watch?v=cjG2i_D0UxE,32,0
682,surf_classics2,2,Staged,Panzer,https://www.youtube.com/watch?v=4yx0QQLh4S0,9,0
683,surf_colors_beta1,2,Staged,N/A,https://www.youtube.com/watch?v=-DD1G_I68NE,10,0
684,surf_colum_up,1,Staged,FörsterPvP,https://www.youtube.com/watch?v=jfjpxgPyiG4,6,0
685,surf_commune_too_beta5,4,Staged,[Collab],https://www.youtube.com/watch?v=Wh6WrSq3Wew,7,2
686,surf_compulsive_njv,3,Staged,razEr,https://www.youtube.com/watch?v=8e--9uSkKU0,4,0
687,surf_concept,3,Staged,Grueddi,https://www.youtube.com/watch?v=tyoorBYGpU0,7,0
688,surf_concreteideas,2,Staged,SmileyTopin,https://www.youtube.com/watch?v=i21AVNnb53o,9,1
689,surf_construction,4,Staged,Copy-Mark,https://www.youtube.com/watch?v=DXYyKO_X0aI,3,1
690,surf_cookiejar,3,Linear,Kiiru,,1,0
691,surf_coralis_ksf,3,Linear,Escencia,https://www.youtube.com/watch?v=vOsiiYfFcYs,1,2
692,surf_crush,5,Linear,Xtra_Festive,https://www.youtube.com/watch?v=3cAdfGlNMn8,1,1
693,surf_crzyfrog_reloaded,2,Staged,JackTheStripper,https://www.youtube.com/watch?v=N8Syq4oc0lo,3,0
694,surf_curious,4,Linear,Lightning,https://www.youtube.com/watch?v=RyOuSC4ZpgE,1,0
695,surf_cyka_ksf,3,Staged,Umg_,https://www.youtube.com/watch?v=mooQhux_ewE,4,2
696,surf_dank,2,Linear,:D,https://www.youtube.com/watch?v=bwhhGbSG_dY,1,0
697,surf_delusional,2,Staged,SKAR,https://www.youtube.com/watch?v=jBYWp8zU5FU,8,0
698,surf_depths,3,Linear,Streebree,https://www.youtube.com/watch?v=JeYgYBXLOjg,1,1
699,surf_derpis_ksf,1,Staged,Diealready,https://www.youtube.com/watch?v=DopYvqHRosk,6,0
700,surf_desolate,4,Staged-Linear,Juxtapo,https://www.youtube.com/watch?v=dVdVfXuZJ8o,4,3
701,surf_destiny_fixed,3,Linear,Codowner,https://www.youtube.com/watch?v=Niu02gIIYg4,1,0
702,surf_diminsion,3,Linear,MonkeyWithAGun,https://www.youtube.com/watch?v=c5F6mWDG7Uk,1,2
703,surf_discovery,4,Staged,Billy,https://www.youtube.com/watch?v=xFH6UfFUfx4,5,0
704,surf_disneyland_fix,5,Staged,[Collab],https://www.youtube.com/watch?v=Fkj8Y4PnMTs,7,0
705,surf_diverge,3,Staged,Kiiru,https://www.youtube.com/watch?v=LLIW9vyBdZc,5,1
706,surf_divided,4,Staged,Skyppy,https://www.youtube.com/watch?v=zcu_sbd0SRw,5,0
707,surf_doodles_njv,2,Staged,Doodles,https://www.youtube.com/watch?v=DFu1pBAdWtU,9,1
708,surf_dusk,3,Staged,Mr Cow,https://www.youtube.com/watch?v=pei9auc4v5U,6,1
709,surf_dynamics_fixed,5,Linear,Blaine,https://www.youtube.com/watch?v=N3wqOWaXFtI,1,1
710,surf_dynasty,3,Linear,Scaz.zaf,https://www.youtube.com/watch?v=hW7VIit_zwI,1,1
711,surf_eclipse,2,Staged,Paper-Cut,https://www.youtube.com/watch?v=xIDTpkAr-aE,3,0
712,surf_ecosystem,3,Linear,Silverlol,https://www.youtube.com/watch?v=ezDTHDVb6Os,1,0
713,surf_edge,6,Linear,fr3shz,https://www.youtube.com/watch?v=3Mj5cBvh3Aw,1,3
714,surf_efficacy,4,Linear,MVROUC12,https://www.youtube.com/watch?v=1nI2EndOAbk,1,3
715,surf_elements_beta3,2,Staged,Ryan Sterner,https://www.youtube.com/watch?v=-U3LxYs2xXA,6,1
716,surf_elites_v2_fix,1,Linear,svbg869,https://www.youtube.com/watch?v=gT6Gz2REnrk,1,1
717,surf_elysium,5,Staged,SacRed,https://www.youtube.com/watch?v=blWF3Ak2jQw,4,1
718,surf_elysium2,5,Staged,SacRed,https://www.youtube.com/watch?v=ERQ4q05iPH4,4,1
719,surf_ember,3,Staged,Skar,https://www.youtube.com/watch?v=hFxBd3Yed-w,5,0
720,surf_entropy_hardmode,5,Staged,Gorgeous Gentleman,https://www.youtube.com/watch?v=v9ia0eNlTeU,5,0
721,surf_epic,3,Staged,Compact,https://www.youtube.com/watch?v=Bdl-a6ipmsM,7,1
722,surf_eternal_beta,4,Staged,Panzer,https://www.youtube.com/watch?v=0g1WeOQPX2A,2,0
723,surf_exclave_fix,4,Linear,Malt,https://www.youtube.com/watch?v=exmKHIAxKvU,1,0
724,surf_exile_njv,6,Staged,Pyanih Ezhik,https://www.youtube.com/watch?v=iVGy5Rqcywc,5,0
725,surf_exocube,2,Staged,Pyanih Ezhik,https://www.youtube.com/watch?v=8f9PGAFVUXc,5,0
726,surf_exocube_h,5,Staged,Pyanih Ezhik,https://www.youtube.com/watch?v=igqhZVU_u8A,5,0
727,surf_extremex2_5,5,Staged,Tioga060,https://www.youtube.com/watch?v=cxxre3fWMGo,5,2
728,surf_exxak,3,Staged,sherwoody,https://www.youtube.com/watch?v=oysdHSxf2Lo,5,0
729,surf_faint_fix,2,Linear,kippe,https://www.youtube.com/watch?v=IItCAb0V1oo,1,2
730,surf_flatliners,3,Linear,Aux,https://www.youtube.com/watch?v=k714DKwk-IM,1,1
731,surf_flyin_fortress_sh,2,Linear,HellRaisedSurfer,https://www.youtube.com/watch?v=_yw7BgOdWLU,1,1
732,surf_forbidden_swag,3,Staged,Umg_,https://www.youtube.com/watch?v=cGKWApJBbBI,5,0
733,surf_forbidden_tomb,4,Staged,Riddler,https://www.youtube.com/watch?v=93bRFIcZTCE,8,0
734,surf_forbidden_tomb2,4,Staged,Rapsodia,https://www.youtube.com/watch?v=6a_j6DYKA_c,8,0
735,surf_forbidden_tomb3,4,Staged,Rapsodia,https://www.youtube.com/watch?v=Vga5GBjigho,8,0
736,surf_forbidden_tomb4,4,Linear,Rapsodia,https://www.youtube.com/watch?v=BMMctEAxOR8,1,0
737,surf_forbidden_ways_ksf,2,Linear,Krusty,https://www.youtube.com/watch?v=GDCkiERfa1Y,1,1
738,surf_frequency_njv,3,Linear,NoPro,https://www.youtube.com/watch?v=vVU-urBaHiA,1,2
739,surf_friday,3,Staged,- iamsupaman,https://www.youtube.com/watch?v=yjQJPKZMc7k,6,1
740,surf_fruits,3,Staged,[Collab],https://www.youtube.com/watch?v=QLqt4yjx8f0,10,1
741,surf_funhouse_v1,1,Linear,Steve,https://www.youtube.com/watch?v=0PfXNAoVC3Y,1,0
742,surf_furios,3,Staged,Chefochmaps,https://www.youtube.com/watch?v=IwpCIk8qIDo,6,0
743,surf_glass5,4,Staged,Smileytopin,https://www.youtube.com/watch?v=_u4Ovr1hL7Y,6,1
744,surf_glass7,2,Linear,Smileytopin,https://www.youtube.com/watch?v=DJHr1lBT9YM,1,0
745,surf_glass9,2,Linear,Smileytopin,https://www.youtube.com/watch?v=e56etJ69180,1,0
746,surf_graphia,2,Linear,Target Practice,https://www.youtube.com/watch?v=a5OPfBqUeb0,1,1
747,surf_grassland,2,Linear,XShark,https://www.youtube.com/watch?v=OrAB2goV0eM,1,0
748,surf_gurus,5,Staged,[Collab],https://www.youtube.com/watch?v=eipbwzfRSG4,7,0
749,surf_happyhands,2,Linear,Kiiru,https://www.youtube.com/watch?v=tT9tMVxxRJE,1,2
750,surf_happyhands2,3,Linear,Kiiru,https://www.youtube.com/watch?v=q3Vr8UBDTSg,1,5
751,surf_happyhands4,3,Linear,Kiiru,https://www.youtube.com/watch?v=ILZg0tADTeI,1,2
752,surf_healthy,3,Staged,[Collab],https://www.youtube.com/watch?v=wqCGlMrsoX8,10,1
753,surf_heaven_njv,2,Staged,[Collab],https://www.youtube.com/watch?v=41SPP1agOIQ,6,1
754,surf_how2surf,1,Staged,Masog,https://www.youtube.com/watch?v=ixCMk17F2Is,21,0
755,surf_hurrr,2,Linear,Skar,https://www.youtube.com/watch?v=PrXtQEn4Pjg,1,0
756,surf_iceworld,3,Linear,Ins,https://www.youtube.com/watch?v=dJWhLtW781k,1,1
757,surf_illumination,4,Linear,Doink Face,https://www.youtube.com/watch?v=k0Tc-HXy9SM,1,6
758,surf_imagine_fix,3,Staged,THAY-imagine,https://www.youtube.com/watch?v=889wt3AoxV8,7,0
759,surf_imex,2,Staged,Junior,https://www.youtube.com/watch?v=EWZsvpUSoso,5,0
760,surf_industries,3,Linear,razEr,https://www.youtube.com/watch?v=u0vQL0o8dfI,1,0
761,surf_infamous_ksf,5,Staged,[Collab],https://www.youtube.com/watch?v=IVnN8zxL8VY,5,1
762,surf_infected,4,Linear,Hulda,https://www.youtube.com/watch?v=SVzj3HFTgtY,1,0
763,surf_ing,2,Linear,RambJoe,https://www.youtube.com/watch?v=67TW2sgqbiM,1,2
764,surf_injection_njv,4,Staged,Exither,https://www.youtube.com/watch?v=Lute4M-3jyI,7,1
765,surf_insideout_final,3,Linear,Enjooi,https://www.youtube.com/watch?v=zORwY_lQgcY,1,0
766,surf_inspire,2,Linear,Ins,https://www.youtube.com/watch?v=KhBYMl2zBSI,1,1
767,surf_intense,4,Staged,Essence,https://www.youtube.com/watch?v=iO4tYGDe00s,4,1
768,surf_interceptor,4,Staged,razEr,https://www.youtube.com/watch?v=4CJczIFcK7Q,5,0
769,surf_island,2,Linear,Scaz.zaf,https://www.youtube.com/watch?v=0TT05DskI7o,1,0
770,surf_jenocide,3,Staged,Jon.../,https://www.youtube.com/watch?v=OJ0hqEYrRxE,5,1
771,surf_junglepics_ksf,4,Linear,Juxtapo,https://www.youtube.com/watch?v=HjE-ACenPg0?start=699,1,0
772,surf_jusched,6,Linear,- Smashed,https://www.youtube.com/watch?v=RlGU-gKrlPw,1,0
773,surf_juturna,2,Linear,- Ashm0re,https://www.youtube.com/watch?v=AjSCz4aSrEo,1,1
774,surf_kawaii,3,Staged,nikki,https://www.youtube.com/watch?v=IgCug--q2Uc,4,0
775,surf_kitsune_fix,1,Staged,Arblarg,https://www.youtube.com/watch?v=Z2v-QV9BgIU,9,0
776,surf_kitsune2,3,Staged-Linear,Arblarg,https://www.youtube.com/watch?v=2Jz237XAkbo,12,4
777,surf_koa,4,Linear,TeMp,https://www.youtube.com/watch?v=zXgWNlAcFUE,1,1
778,surf_krow10,3,Linear,Exither,https://www.youtube.com/watch?v=DbqQDvPqV6M,1,1
779,surf_kz_protraining,2,Staged-Linear,SoulFather,https://www.youtube.com/watch?v=8d-eijeunPU,16,4
780,surf_lament_n2p,1,Linear,God Damnit Nappa,https://www.youtube.com/watch?v=bsaEyM4Rf5U,1,1
781,surf_leet_xl_beta7z_,1,Linear,N/A,https://www.youtube.com/watch?v=AJJTUXy3VCs,1,0
782,surf_legendary,5,Staged,[Collab],https://www.youtube.com/watch?v=bOjjLsInMn0,7,0
783,surf_legends,1,Linear,SintaxError,https://www.youtube.com/watch?v=qYPF7LPLUnY,1,0
784,surf_lessons,1,Staged,Helix,https://www.youtube.com/watch?v=239UV14-gA0,7,3
785,surf_liberation,3,Staged,Machine,https://www.youtube.com/watch?v=2MD38kDgdOA,7,1
786,surf_liberation2,3,Staged,Machine,https://www.youtube.com/watch?v=ltrsOM_R-qc,7,2
787,surf_lies_ksf,2,Staged,Umg_,https://www.youtube.com/watch?v=vguI-3Yrucw,5,0
788,surf_lighthouse_fix,3,Staged,[Collab],https://www.youtube.com/watch?v=dctJzN1M7Z0,4,0
789,surf_lithium,3,Staged,Copy-Mark,https://www.youtube.com/watch?v=b3M5cGAHSQY,5,1
790,surf_lithium2,4,Staged,Copy-Mark,https://www.youtube.com/watch?v=dqv0kozQDy8,5,0
791,surf_loentra,5,Linear,Ins,https://www.youtube.com/watch?v=irakHfOT5Lk,1,2
792,surf_lore_e,2,Staged,Target Practice,https://www.youtube.com/watch?v=4P7ZapNHIb0,7,1
793,surf_loves_spliff,4,Staged,[Collab],https://www.youtube.com/watch?v=6Bz_VPin_rA,7,1
794,surf_lt_omnific,6,Staged-Linear,[Collab],https://www.youtube.com/watch?v=UxQ0x-AiJOY,18,3
795,surf_lt_unicorn_official,4,Staged,Nyro,https://www.youtube.com/watch?v=PdncfA9gqNA,6,4
796,surf_lullaby_ksf,2,Linear,God Damnit Nappa,https://www.youtube.com/watch?v=XmHGjYArFOc,1,0
797,surf_lux,1,Linear,SSStormy,https://www.youtube.com/watch?v=Xd4KOB9xYTU,1,0
798,surf_marah,6,Linear,Flaudgin,https://www.youtube.com/watch?v=SUyJ2twHsmM,1,0
799,surf_mash-up,3,Staged,[Collab],https://www.youtube.com/watch?v=7_bnc4zSze0,20,0
800,surf_mellow,2,Linear,Rezonate,https://www.youtube.com/watch?v=D_KB0Vpr5jo,1,0
801,surf_mephobia,4,Staged,Yeri,https://www.youtube.com/watch?v=zDmW37eTTzg,6,1
802,surf_mesa_aether_fixed,3,Linear,Arblarg,https://www.youtube.com/watch?v=iI0XIB6LIvI,1,0
803,surf_mesa_fix,1,Linear,Arblarg,https://www.youtube.com/watch?v=0VAnLlxdC4Y,1,0
804,surf_mesa_mine,2,Linear,Arblarg,https://www.youtube.com/watch?v=U4_DuCKF9T0,1,1
805,surf_metallic,5,Staged,Mr Cow,https://www.youtube.com/watch?v=BMJrdsHsIOU,5,0
806,surf_methadone,3,Staged,Ins,https://www.youtube.com/watch?v=0oAlzEKu_dw,5,1
807,surf_milkyway,3,Linear,Mr Cow,https://www.youtube.com/watch?v=hVHa0U6Mx9M,1,0
808,surf_minuet_njv,1,Linear,God Damnit Nappa,https://www.youtube.com/watch?v=Rl9H0Z6dx1I,1,0
809,surf_misc,5,Staged,FreakOut & Bravesurf,https://www.youtube.com/watch?v=WARLQitFaBo,7,0
810,surf_mjk,2,Linear,gladeare,https://www.youtube.com/watch?v=ba22cS49aOs,1,0
811,surf_mokuzai,4,Staged,iamsupaman,,4,0
812,surf_mom_fix,1,Staged,Xtra_Festive,https://www.youtube.com/watch?v=osPDGle_sDY,6,1
813,surf_motion1_easy,4,Linear,Masog,https://www.youtube.com/watch?v=KRMMpVQby08,1,0
814,surf_mynah_final,3,Staged,Nikki Nueva,https://www.youtube.com/watch?v=lgciSo-ad78,4,0
815,surf_nac,3,Staged,Big Blue,https://www.youtube.com/watch?v=EDKlUtONHM4,4,2
816,surf_nemesis,4,Linear,SacRed,https://www.youtube.com/watch?v=BhdLL2q0CaE,1,2
817,surf_network_2009_sh,2,Linear,Ryan Sterner,https://www.youtube.com/watch?v=9LjRfypM-Is,1,0
818,surf_network2008_final,1,Linear,Ryan Sterner,https://www.youtube.com/watch?v=98Jm4OrWCgM,1,1
819,surf_networked,3,Linear,Ryan Sterner,https://www.youtube.com/watch?v=5DM0yChTLeE,1,0
820,surf_nightmare,5,Staged,[Collab],https://www.youtube.com/watch?v=nYHIeoeH4gM,6,1
821,surf_nikolo,4,Linear,LuckyCharms,https://www.youtube.com/watch?v=bvaky0aWV3M,1,0
822,surf_ninja_sh,1,Linear,N/A,https://www.youtube.com/watch?v=qfIO2QDWvyk,1,0
823,surf_nostromo,5,Linear,Horsefeathers,https://www.youtube.com/watch?v=jl7_UPlXJIg,1,2
824,surf_not_so_beginner,2,Staged,Wall-E,https://www.youtube.com/watch?v=6VcuQLCD6bw,7,0
825,surf_not_so_sinister,2,Staged,RambJoe,https://www.youtube.com/watch?v=uDLVwS6cUv4,5,0
826,surf_numbers,5,Staged,Gorange Ninja,https://www.youtube.com/watch?v=SN6axPzYQXQ,9,2
827,surf_ny_advance,3,Staged,FAJ,https://www.youtube.com/watch?v=x82TOeQQ_No,10,0
828,surf_ny_momentum_v3_1,2,Linear,FAJ,https://www.youtube.com/watch?v=AAMHcbLNdZg,1,0
829,surf_ny_momentum2_ksf,3,Linear,FAJ,https://www.youtube.com/watch?v=PTGtG6RAtYY,1,1
830,surf_nyze,5,Staged,Syncronyze,https://www.youtube.com/watch?v=GKhyuhsU6rw,5,2
831,surf_oasis,3,Staged,Phurix,https://www.youtube.com/watch?v=XR8YdzPpAVg,10,2
832,surf_olympics,3,Staged,THAY-imagine,https://www.youtube.com/watch?v=1oOBsBoX0Kc,7,0
833,surf_oma,2,Staged,Creatin,https://www.youtube.com/watch?v=3Y8P0K878gg,3,1
834,surf_omnibus,3,Staged,Skar,https://www.youtube.com/watch?v=hvH928q84DQ,11,0
835,surf_oompa_loompa,3,Linear,Cookies n cream,https://www.youtube.com/watch?v=SsZ0yTlGlic,1,0
836,surf_overgrowth,4,Staged,Fission,https://www.youtube.com/watch?v=RqyCj2pwdWw,5,2
837,surf_overgrowth2,4,Staged,Fission,https://www.youtube.com/watch?v=42CV8k4gLaU,5,2
838,surf_pandemonium_njv,3,Staged,[Collab],https://www.youtube.com/watch?v=hZ6hlNY0V7o,5,2
839,surf_parrot_selector_h,4,Linear,ptad,https://www.youtube.com/watch?v=ESmGpPTzC2s,1,0
840,surf_pathfinder,2,Linear,Xtra,https://www.youtube.com/watch?v=iJW30gnvrIg,1,0
841,surf_perforated_restored,3,Staged,insane123,https://www.youtube.com/watch?v=louWdIV1jrg,5,0
842,surf_physics,2,Linear,ColdAnimation,https://www.youtube.com/watch?v=eHAQOHW_EFs,1,0
843,surf_pinkbash,2,Staged,vay,https://www.youtube.com/watch?v=Iq3UeKnIFdY,4,0
844,surf_placid,3,Linear,Enjooi,https://www.youtube.com/watch?v=IlJ4OhF_Jy4,1,1
845,surf_polygon,4,Staged,Diealready,https://www.youtube.com/watch?v=dl-pdoBT5mw,4,4
846,surf_porn_fix,3,Linear,MonkeyWithAGun,https://www.youtube.com/watch?v=La_J6o9MMYI,1,0
847,surf_pox,1,Linear,krusty,https://www.youtube.com/watch?v=xwUkQqSSzvw,1,0
848,surf_prelude_ksf,1,Linear,God Damnit Nappa,https://www.youtube.com/watch?v=5FTEuf8x-5U,1,0
849,surf_presmon_fix,2,Staged,Arroba,https://www.youtube.com/watch?v=j7tph3DKC7Q,6,0
850,surf_primero_njv,5,Linear,zee,https://www.youtube.com/watch?v=lzddG1c7jU0,1,1
851,surf_prolix_fix,4,Linear,T3tra,https://www.youtube.com/watch?v=61yGD6NwTtE,1,0
852,surf_purgatory,3,Staged,THAY-imagine,https://www.youtube.com/watch?v=2SUHm0SKR44,6,0
853,surf_quantum_njv,3,Linear,Sangre Nueva,https://www.youtube.com/watch?v=BllEo2ba93c,1,0
854,surf_quartus_ksf,4,Linear,Juxtapo,https://www.youtube.com/watch?v=vLvcHgJgEAE,1,0
855,surf_quilavar,3,Linear,Helix,https://www.youtube.com/watch?v=OXYoAGe48Xg,1,0
856,surf_rainbow,2,Linear,Xenophenous,https://www.youtube.com/watch?v=tShsAqMYcJ8,1,1
857,surf_rapid_fix,3,Staged,Ch!ll3r,https://www.youtube.com/watch?v=tbEgwmfjbX4,5,1
858,surf_rebel_resistance_njv,1,Linear,arcangel845,https://www.youtube.com/watch?v=fIQX9R4buCU,1,0
859,surf_rebel_scaz_njv,1,Linear,Scaz.zaf,https://www.youtube.com/watch?v=l91J1wqpuCU,1,1
860,surf_reflex,2,Linear,Cthulu,https://www.youtube.com/watch?v=UB5E6dh2SBc,1,0
861,surf_refraxis,4,Staged,ChiChiN,https://www.youtube.com/watch?v=sxvHoAcbkoE,8,2
862,surf_reprise,2,Linear,TeMP,https://www.youtube.com/watch?v=ctzFhp7qDcE,1,2
863,surf_resort,3,Linear,Wall-E,https://www.youtube.com/watch?v=VVT0VSileFA,1,0
864,surf_roman,4,Linear,Horsefeathers,https://www.youtube.com/watch?v=I84cEDOqwMY,1,1
865,surf_rookie,2,Staged,Kiiru,https://www.youtube.com/watch?v=x7sZ-XFU9JA,18,0
866,surf_royal_fix,6,Staged,synx,https://www.youtube.com/watch?v=aJBD7LjPfXM,5,0
867,surf_rustic_v2,4,Staged-Linear,Juxtapo,https://www.youtube.com/watch?v=nSPOw8k9Z38,2,1
868,surf_sandman_v2,4,Staged,Sandman,https://www.youtube.com/watch?v=Nh6MAX504Gc,5,0
869,surf_sandstorm2,3,Staged,ArcticPanda,https://www.youtube.com/watch?v=UaCjlT1wp8c,4,1
870,surf_sc_essence_v2,4,Staged,sC,https://www.youtube.com/watch?v=r7y-JcT1sgk,10,1
871,surf_seaworld_fix,2,Linear,Hulda,https://www.youtube.com/watch?v=jevbLa4QHms,1,0
872,surf_sempar_njv,4,Staged,Seme,https://www.youtube.com/watch?v=RkzBrBrpRmk,6,1
873,surf_sentient,4,Linear,TeMp,https://www.youtube.com/watch?v=Y45laNCC7qg,1,1
874,surf_sewers,4,Linear,MonkeyWithAGun,https://www.youtube.com/watch?v=KZoHxwuX7uc,1,0
875,surf_sexplizooimed,4,Staged,[Collab],https://www.youtube.com/watch?v=f22BmEeSsrk,7,1
876,surf_sexyartz_njv,4,Linear,razEr,https://www.youtube.com/watch?v=pygtYKcDLXw,1,0
877,surf_simpsons_go_rc2,1,Staged,Goose,https://www.youtube.com/watch?v=V61fS8kBq0s,10,5
878,surf_singletons,1,Staged,AdamRH,https://www.youtube.com/watch?v=3aTtYY1UHto,5,0
879,surf_sinister_evil,6,Staged,RambJoe,https://www.youtube.com/watch?v=ivPOJArQtMY,5,2
880,surf_sinsane_ksf,6,Linear,Boat,https://www.youtube.com/watch?v=xOg4GXC4VlE,1,2
881,surf_sippysip,4,Linear,Syncronyze,https://www.youtube.com/watch?v=aNn0jROzPuA,1,2
882,surf_sketchy,3,Linear,Gorange_Ninja,https://www.youtube.com/watch?v=6EmDcsZpeWw,1,3
883,surf_skill8,4,Linear,MonkeyWithAGun,https://www.youtube.com/watch?v=8zEPPX8QfD0,1,0
884,surf_skill8_h,5,Linear,MonkeyWithAGun,https://www.youtube.com/watch?v=8zEPPX8QfD0,1,0
885,surf_sky_ages,3,Staged,Helix,https://www.youtube.com/watch?v=nl_TWHEIBcs,4,0
886,surf_sluice_final,4,Linear,razEr,https://www.youtube.com/watch?v=b4psHQWmEYs,1,5
887,surf_smaragd,3,Staged,[Collab],https://www.youtube.com/watch?v=Ta2cVxLubxM,6,0
888,surf_smile_njv,3,Staged,Compact,https://www.youtube.com/watch?v=AUudA-lNoAk,5,0
889,surf_spacejam,2,Staged,Juxtapo & Syncronyze,https://www.youtube.com/watch?v=3Hudn-GqIRk,6,1
890,surf_spaceship_ksf,3,Linear,Darck,https://www.youtube.com/watch?v=0uaFGFaprKg,1,3
891,surf_spectrum_njv,3,Staged,Skar,https://www.youtube.com/watch?v=KRnPg5SB8yU,5,0
892,surf_stonework,4,Staged,Mr Cow,https://www.youtube.com/watch?v=LQY371lr1vE,7,0
893,surf_stonework2,3,Linear,Mr Cow,https://www.youtube.com/watch?v=wvS9GyKf86A,1,1
894,surf_stonework3,5,Staged,Mr Cow,https://www.youtube.com/watch?v=I2esG-nSmis,7,0
895,surf_strafe,3,Linear,Masog,https://www.youtube.com/watch?v=__0hvfN0iaU,1,1
896,surf_sundown_njv,2,Linear,Skittl35,https://www.youtube.com/watch?v=DV1JDZUjTfc,1,0
897,surf_sunnyhappylove,2,Staged,Streebree,https://www.youtube.com/watch?v=pWxGruZW1k8,4,0
898,surf_sunset,4,Staged,Exither,https://www.youtube.com/watch?v=WsW0Te5npqk,6,1
899,surf_sunset2_fix,4,Staged,Exither,https://www.youtube.com/watch?v=lDFxzL6eSyo,6,1
900,surf_sup,2,Staged,Wall-E,https://www.youtube.com/watch?v=8cpTBIneX6A,9,1
901,surf_swagtoast,3,Staged,Wall-E,https://www.youtube.com/watch?v=3zw7Z8CJ41I,9,1
902,surf_symbiosis,4,Linear,Quensis,https://www.youtube.com/watch?v=5jnvY9CrhZo,1,0
903,surf_syria,2,Staged,razEr,https://www.youtube.com/watch?v=R2fD9VWRZdE,8,0
904,surf_syria_again,6,Staged,razEr,https://www.youtube.com/watch?v=9Np0CsJre1I,8,0
905,surf_taq,4,Staged,MonkeyWithAGun,https://www.youtube.com/watch?v=l4w07MYBmF0,3,0
906,surf_tensile_njv,2,Linear,Diealready,https://www.youtube.com/watch?v=SLJHV9IAWi8,1,0
907,surf_the_gloaming,2,Linear,Roosta,https://www.youtube.com/watch?v=OpHv_avchOc,1,0
908,surf_thembrium_njv,3,Staged,razEr,https://www.youtube.com/watch?v=W02LOwybNfU,5,1
909,surf_this_njv,4,Linear,Bravesurf,https://www.youtube.com/watch?v=mXz8jnjmzPw,1,0
910,surf_timewarp,5,Staged,Tioga060,https://www.youtube.com/watch?v=1lk5Lu7A3NE,5,0
911,surf_togo,3,Linear,Jon.../,https://www.youtube.com/watch?v=PbEQBmcenpM,1,1
912,surf_tomb_redone,2,Linear,N/A,https://www.youtube.com/watch?v=qg3Fdf2IzxU,1,0
913,surf_trance_ksf,1,Linear,UZY,https://www.youtube.com/watch?v=Jye2ohkScpQ,1,1
914,surf_treefort,5,Staged,[Collab],https://www.youtube.com/watch?v=K67xLw4El8M,8,0
915,surf_treespam,6,Staged,Pand3mic,https://www.youtube.com/watch?v=gJTNid3Hzgg,5,0
916,surf_tronic_njv,5,Linear,Sangre Nueva,https://www.youtube.com/watch?v=eQFwU2GXSOc,1,2
917,surf_tundra_v2,4,Staged,Malt,https://www.youtube.com/watch?v=9Jf6kCFe5yk,3,1
918,surf_two_colour,3,Staged,maza51,https://www.youtube.com/watch?v=aLgvVtj86no,6,0
919,surf_ultimatum,3,Staged,Codowner,https://www.youtube.com/watch?v=pR_ijNDVw50,6,0
920,surf_underworld,4,Linear,Billy,https://www.youtube.com/watch?v=koxqep_6qCA,1,0
921,surf_unreal_njv,4,Linear,Hulda,https://www.youtube.com/watch?v=zVhw4Wk496Q,1,0
922,surf_unreal2,5,Staged,Hulda,https://www.youtube.com/watch?v=xcySfLBHzYo,3,2
923,surf_utopia_njv,1,Linear,Panzer,https://www.youtube.com/watch?v=SBuUyclEi8s,1,0
924,surf_vale,3,Staged,Xtra,https://www.youtube.com/watch?v=SgzFxeuRtJI,4,1
925,surf_valpect,6,Linear,CRASH FORT,https://www.youtube.com/watch?v=z8BFHO3zXTE,1,2
926,surf_vegetables,3,Staged,[Collab],https://www.youtube.com/watch?v=bybD_X-XkMI,10,1
927,surf_voteforthisone,3,Staged,[Collab],https://www.youtube.com/watch?v=6UCx-0TVEuo,8,2
928,surf_water-run_banjo_skill,1,Staged,Banjo,https://www.youtube.com/watch?v=eqXrs5ojbXs,4,1
929,surf_waterworks,2,Linear,Skittlez,https://www.youtube.com/watch?v=2KC8N0BJSvk,1,0
930,surf_whoknows,4,Linear,Malt,https://www.youtube.com/watch?v=OI-7C6iatIY,1,1
931,surf_whoknows2,4,Linear,Malt,https://www.youtube.com/watch?v=lU-JrQBYhtc,1,1
932,surf_wood,2,Linear,Enjooi,https://www.youtube.com/watch?v=cK86_JoxhTQ,1,1
933,surf_year3000_fix,1,Staged,archangel,https://www.youtube.com/watch?v=Ue6MCL754ME,2,0
934,surf_zion,3,Staged,MonkeyWithAGun,https://www.youtube.com/watch?v=DSMNbfr0GAk,5,0
937,surf_akai_final,1,Linear,akai,https://www.youtube.com/watch?v=hGxAPR6p2-Q,1,0
943,surf_awp_sk337_v3,1,Linear,Zalos,https://www.youtube.com/watch?v=Be27tUM1FJI,1,0
945,surf_benevolent_refix,1,Staged,Syncronyze,https://www.youtube.com/watch?v=MGsTNEYzQCQ,7,1
958,surf_enlightened_ksf,1,Linear,Benchmarked,https://www.youtube.com/watch?v=KDDTKivxo44,1,8
959,surf_flow_ksf,1,Linear,Koga73,https://www.youtube.com/watch?v=DLB-VeI58D0,1,0
964,surf_garden,1,Staged,Sid,https://www.youtube.com/watch?v=Ej5Q-h7oTQI,10,3
967,surf_kitsune,1,Staged,Arblarg,https://www.youtube.com/watch?v=Z2v-QV9BgIU,9,0
968,surf_lament_ksf,1,Linear,nappa,https://www.youtube.com/watch?v=G7PAUqGO7_Y,1,1
969,surf_leet_xl_beta7z,1,Linear,N/A,https://www.youtube.com/watch?v=AJJTUXy3VCs,1,0
972,surf_listless_ksf,1,Staged,Fin,https://www.youtube.com/watch?v=PAMK_b1AtSM,9,5
973,surf_lovetunnel,1,Linear,maz,https://www.youtube.com/watch?v=zrwq-AL90Eg,1,0
976,surf_mesa_fixed,1,Linear,Arblarg,https://www.youtube.com/watch?v=0VAnLlxdC4Y,1,0
977,surf_minuet_ksf,1,Linear,nappa,https://www.youtube.com/watch?v=Rl9H0Z6dx1I,1,0
984,surf_prelude_fix,1,Linear,nappa,https://www.youtube.com/watch?v=5FTEuf8x-5U,1,0
985,surf_prime_time_r3vamp,1,Staged,Zalos,https://www.youtube.com/watch?v=AN-rxvc2pxQ,3,0
986,surf_race,1,Staged-Linear,Sam,https://www.youtube.com/watch?v=8Ble5r6NwQk,6,5
987,surf_rebel_resistance_final3,1,Linear,arcangel845,https://www.youtube.com/watch?v=fIQX9R4buCU,1,0
988,surf_rebel_scaz_ksf,1,Linear,Scaz.zaf,https://www.youtube.com/watch?v=l91J1wqpuCU,1,1
989,surf_santorini_ksf,1,Staged,quethesurfer,https://www.youtube.com/watch?v=SZ6ob7-2D0k,8,5
993,surf_sundown,1,Linear,Skittl35,https://www.youtube.com/watch?v=DV1JDZUjTfc,1,0
995,surf_trance,1,Linear,UZY,https://www.youtube.com/watch?v=Jye2ohkScpQ,1,1
998,surf_water_run_ksf,1,Staged,booskibro,https://www.youtube.com/watch?v=77YGN3VR-rE,4,1
1000,surf_year3000,1,Staged,archangel,https://www.youtube.com/watch?v=Ue6MCL754ME,2,0
1004,surf_4head,2,Linear,sjom7e,https://www.youtube.com/watch?v=kvTn-Y4Rt1E,1,4
1011,surf_agony,2,Linear,Proxychains,https://www.youtube.com/watch?v=7X0f8eCOHv8,1,1
1014,surf_and_destroy_fix,2,Linear,Zalos,https://www.youtube.com/watch?v=EsHoADoZnWE,1,2
1021,surf_ardon_fix,2,Linear,FPS God,https://www.youtube.com/watch?v=Mr7uSXYrxCc,1,6
1022,surf_autumn_fix,2,Staged,Felid,https://www.youtube.com/watch?v=uRoNL2LMj2A,5,2
1024,surf_believe,2,Staged,oosii,https://www.youtube.com/watch?v=676IVOezBkU,4,3
1025,surf_beverages_remix,2,Staged,Sid,https://www.youtube.com/watch?v=tk0zD2e39Qs,8,3
1026,surf_bluewall_v2,2,Staged,biji,https://www.youtube.com/watch?v=nTgslGbj0Qo,4,3
1027,surf_boogie_woogie,2,Staged,TheJazzAgenT,https://www.youtube.com/watch?v=nbpw0DQZx6M,4,6
1033,surf_commune_beta11,2,Staged,FAJ,https://www.youtube.com/watch?v=N5m8TyAzM2s,9,0
1037,surf_delight,2,Linear,aqresiv3,https://www.youtube.com/watch?v=llprCDlj4ZY,1,3
1040,surf_devs_ksf,2,Staged,Koga73,https://www.youtube.com/watch?v=BkaRhoeGr00,10,3
1051,surf_elites_v2,2,Linear,svbg869,https://www.youtube.com/watch?v=gT6Gz2REnrk,1,1
1052,surf_epicube,2,Linear,Rippey,https://www.youtube.com/watch?v=252uj_58ST8,1,2
1054,surf_everdark,2,Linear,nutwoomy,https://www.youtube.com/watch?v=fhOo7-64tOE,1,0
1058,surf_flyin_fortress_fix,2,Linear,HellRaisedSurfer,https://www.youtube.com/watch?v=3n7dzBt9gRk,1,1
1060,surf_fortum_fix,2,Staged,"Hardex, Tioga060 & Juxtapo",https://www.youtube.com/watch?v=e90kJ7gcnpA,5,2
1061,surf_frey_remake,2,Staged,KappaEliitti,https://www.youtube.com/watch?v=WDYFO9As3D0,3,2
1063,surf_glass7_ksf,2,Linear,Smileytopin,https://www.youtube.com/watch?v=qVZKghC5jnE,1,0
1069,surf_greek_ksf,2,Staged,quethesurfer,https://www.youtube.com/watch?v=Mp_bXcmH8Xw,7,4
1072,surf_halloween_tf2,2,Linear,Egan,https://www.youtube.com/watch?v=8tBbhXNzgYA,1,0
1074,surf_harmony_fix,2,Staged,PrisonNightmare,https://www.youtube.com/watch?v=CVH2Kxtv-B4,5,3
1076,surf_holiday,2,Staged,iNooVa,https://www.youtube.com/watch?v=-GrWufgMOfw,4,0
1077,surf_hotwheels_fix,2,Linear,Hardex,https://www.youtube.com/watch?v=rffpniedlp8,1,8
1081,surf_in_space,2,Staged-Linear,KappaEliitti,https://www.youtube.com/watch?v=UTq1w5Z5Lfc,3,1
1089,surf_journeys,2,Linear,Razer,https://www.youtube.com/watch?v=x85Z2MrlFfY,1,3
1096,surf_kz_mix_journeys,2,Linear,SoUlFaThEr,https://www.youtube.com/watch?v=Qnv8N77PdWg,1,3
1100,surf_lore,2,Staged,Target Practice,https://www.youtube.com/watch?v=9wUsqfkr32g,7,2
1107,surf_network_2009,2,Linear,Ryan Sterner,https://www.youtube.com/watch?v=9LjRfypM-Is,1,0
1110,surf_not_so_sinister_ksf,2,Staged,RambJoe,https://www.youtube.com/watch?v=VsY5nhWl5v8,5,3
1114,surf_ny_superhappiest_b3,2,Staged,FAJ,https://www.youtube.com/watch?v=CzTZlZE7AeE,5,0
1115,surf_odyssey,2,Linear,Riddler,https://www.youtube.com/watch?v=Dqp6cuMcmcY,1,0
1116,surf_orthodox,2,Staged,ArcticPanda,https://www.youtube.com/watch?v=usxLDVjjzFE,16,4
1121,surf_perennial,2,Staged,granis,https://www.youtube.com/watch?v=rrZ0mcZ8l-E,2,3
1124,surf_progress_fix,2,Staged-Linear,Sam & Xtra,https://www.youtube.com/watch?v=9RjmgNhtpm4,4,0
1127,surf_ravine,2,Linear,FriendlyChemist,https://www.youtube.com/watch?v=d9TAum1qnUM,1,4
1132,surf_salvador_ksf,2,Linear,iNooVa,https://www.youtube.com/watch?v=ts-v7G9GXcY,1,1
1136,surf_saturday,2,Linear,iamsupaman,https://www.youtube.com/watch?v=ZfukX2l9SY0,1,2
1139,surf_simpsons_source,2,Staged,The-Goose & ZoomJ,https://www.youtube.com/watch?v=X3W5Rb43UWw,10,4
1143,surf_spooky,2,Linear,rem,https://www.youtube.com/watch?v=zxxB4Kj9UUU,1,0
1146,surf_summer_ksf,2,Staged,"Guadalupe, Hardex, Juxtapo, Tioga060",https://www.youtube.com/watch?v=r0MgRV7tXWU,11,0
1154,surf_twilight_njv,2,Linear,nappa,https://www.youtube.com/watch?v=Y025613cOxM,1,2
1158,surf_zbig_ksf,2,Staged,Big Blue,https://www.youtube.com/watch?v=tTOuKli2WnA,7,2
1175,surf_ataque_final,3,Staged,Junior,https://www.youtube.com/watch?v=fZfw2xrjZdg,6,0
1183,surf_blackout,3,Linear,nappa,https://www.youtube.com/watch?v=4be4EVJpmh8,1,0
1184,surf_bluewinter,3,Linear,iamsupaman,https://www.youtube.com/watch?v=D_u12vVizk8,1,1
1185,surf_bnw_njv,3,Linear,PireS,https://www.youtube.com/watch?v=HsFNtiaXSVc,1,1
1193,surf_christmas,3,Staged,Panzer,https://www.youtube.com/watch?v=U4JRnOUQq7E,9,2
1194,surf_christmas2,3,Staged,Collab,https://www.youtube.com/watch?v=X-auigQ8fVQ,9,1
1195,surf_christmas3,3,Staged,Collab,https://www.youtube.com/watch?v=n63dt-yn-6g,8,1
1196,surf_collection_njv,3,Staged,Pand3mic,https://www.youtube.com/watch?v=8AoJp2t9vyI,8,0
1197,surf_color_fix,3,Staged,Planstik 2k,https://www.youtube.com/watch?v=OTF15xozw_c,6,1
1207,surf_cubic_ksf,3,Staged,Scaz.zaf,https://www.youtube.com/watch?v=RL7FrArupmQ,28,0
1222,surf_elixor,3,Staged,Fox,https://www.youtube.com/watch?v=ZO1oANXkQWQ,9,0
1224,surf_entropy_finalv2,3,Staged,Gorgeous Gentleman,https://www.youtube.com/watch?v=OcP1uXrYOL4,5,0
1227,surf_executioner,3,Linear,sid,https://www.youtube.com/watch?v=q9Yq3cwZjOc,1,2
1230,surf_exurbia2,3,Linear,ArcticPanda,https://www.youtube.com/watch?v=CNuO_qTw86c,1,1
1235,surf_fiellu_ksf,3,Linear,Kahvo,https://www.youtube.com/watch?v=KP7cD1dUvKQ,1,4
1239,surf_frey2_ksf,3,Linear,KappaEliitti,https://www.youtube.com/watch?v=KIs2q6Ltvbg,1,2
1246,surf_golden_refix,3,Linear,Koga73,https://www.youtube.com/watch?v=alBcqRtWi5w,1,3
1252,surf_helium_fix,3,Staged,Waffleburger,https://www.youtube.com/watch?v=TuQTy8zPcvE,6,0
1253,surf_hellenic,3,Linear,elly,https://www.youtube.com/watch?v=RaAeDrl0pRQ,1,1
1255,surf_honour,3,Staged,kingkurtis & TaiiKii,https://www.youtube.com/watch?v=hXDsKnBbXNU,4,3
1261,surf_inner,3,Linear,Klemix,https://www.youtube.com/watch?v=fInnSvp8S-M,1,0
1266,surf_jizznipples,3,Staged,PAUL,https://www.youtube.com/watch?v=e0VlXGCHgps,5,0
1271,surf_leesriize_ksf,3,Staged,Leesriize,https://www.youtube.com/watch?v=woDGgV0tiVI,3,4
1275,surf_lighthouse,3,Staged,ins,https://www.youtube.com/watch?v=dctJzN1M7Z0,4,0
1278,surf_lodypreview,3,Staged,Lody,https://www.youtube.com/watch?v=ZclwSFyca8A,13,0
1279,surf_lolrevlis2,3,Linear,Silverlol,https://www.youtube.com/watch?v=hb_PPfijZz4,1,1
1283,surf_luminaris_refix,3,Staged,KappaEliitti,https://www.youtube.com/watch?v=1nfJ7Q6oEsE,3,6
1284,surf_marbleblast_intermediate,3,Linear,BlueRaven,https://www.youtube.com/watch?v=U_mbJCLpB-0,1,1
1287,surf_mesa_aether,3,Linear,Arblarg,https://www.youtube.com/watch?v=iI0XIB6LIvI,1,0
1291,surf_minigolf_ksf,3,Staged,[Collab],https://www.youtube.com/watch?v=U3J9IYR_OQ8,7,2
1293,surf_missing_no,3,Linear,Ryan S.,https://www.youtube.com/watch?v=aE2-aF5eXIo,1,0
1300,surf_not_quite_goliath,3,Linear,Hardex,https://www.youtube.com/watch?v=_yHpsYJyeks,1,0
1305,surf_ofrenda,3,Linear,kingkurtis,https://www.youtube.com/watch?v=6CUY5kYNUDg,1,6
1313,surf_palette_fix,3,Staged,Bravesurf,https://www.youtube.com/watch?v=mLbcCr3szQA,9,0
1316,surf_paranoid_enigma,3,Staged,Paragon,https://www.youtube.com/watch?v=6BCqzjyNP3U,5,0
1318,surf_parrot_selector,3,Linear,ptad,https://www.youtube.com/watch?v=ESmGpPTzC2s,1,0
1319,surf_pavilion,3,Staged,black sheep,https://www.youtube.com/watch?v=Q7eu2Pq3mwo,5,0
1327,surf_portal_game4,3,Staged,InCognIto & Pyaniy ezhik,https://www.youtube.com/watch?v=eS1LPfHoGaE,6,0
1329,surf_prismatic_ksf,3,Linear,Koga73,https://www.youtube.com/watch?v=0dAX4npqm_A,1,1
1332,surf_psi_fixed,3,Staged,Oui,https://www.youtube.com/watch?v=2EH8Cpq2BOs,3,0
1339,surf_rapid,3,Staged,Ch!ll3r,https://www.youtube.com/watch?v=tbEgwmfjbX4,5,1
1341,surf_reactor,3,Linear,Kujoen & Skittl35,https://www.youtube.com/watch?v=H6XCc_FGgaE,1,0
1345,surf_rise,3,Linear,kingkurtis,https://www.youtube.com/watch?v=vt5txf05EeM,1,8
1346,surf_roman_v2,3,Linear,Horsefeathers,https://www.youtube.com/watch?v=QUJU0uv8NpI,1,1
1352,surf_scarlet_ksf,3,Linear,PrisonNightmare,https://www.youtube.com/watch?v=10Z3Vc_lZR8,1,4
1355,surf_second,3,Linear,NotAZombie,https://www.youtube.com/watch?v=7tvgcqCP8CQ,1,1
1356,surf_sequoia_fix,3,Staged,maz64,https://www.youtube.com/watch?v=-LyVU6LIWiw,3,3
1358,surf_sinner_ksf,3,Staged,Benchmarked,https://www.youtube.com/watch?v=1VbC-SVOki4,3,4
1363,surf_slob2_fix,3,Staged,Dorito & Sam,https://www.youtube.com/watch?v=xfTi9F9WhsA,7,0
1365,surf_smaragd_fix,3,Staged,"Shooop, ChiChiN, Klickz",https://www.youtube.com/watch?v=Ta2cVxLubxM,6,0
1371,surf_stick,3,Staged,VZERo,https://www.youtube.com/watch?v=OtLM9SHuzKE,6,0
1382,surf_the_internet,3,Staged,Collab (Sam),https://www.youtube.com/watch?v=1zl2MzF_bu4,12,2
1385,surf_threnody,3,Staged,disres,https://www.youtube.com/watch?v=YYiFkwbKuwk,3,2
1389,surf_tron_njv,3,Linear,PireS,https://www.youtube.com/watch?v=vZy33bWuq1E,1,0
1390,surf_tronia_refix,3,Staged,Sangre Nueva,https://www.youtube.com/watch?v=t9nvvgwd7nE,4,3
1391,surf_tropic_ksf,3,Staged,quethesurfer,https://www.youtube.com/watch?v=5DTre11BgH0,7,6
1401,surf_wasteland,3,Staged,Pyllytonttu,https://www.youtube.com/watch?v=nug_16PCT3s,3,3
1403,surf_whoknows_ksf,3,Linear,Malt,https://www.youtube.com/watch?v=OI-7C6iatIY,1,1
1410,surf_zoomboys,3,Linear,Sid,https://www.youtube.com/watch?v=bCNC7zGZRX4,1,2
1413,surf_adrift_fix,4,Linear,murglegurgle,https://www.youtube.com/watch?v=qpehDYFmFpk,1,1
1418,surf_angst,4,Linear,Proxychains,https://www.youtube.com/watch?v=GCmFIQEZwHo,1,3
1427,surf_banana_fix,4,Staged,Geoff,https://www.youtube.com/watch?v=XyUKlEgnhK0,4,3
1433,surf_blub,4,Staged,Chayma,https://www.youtube.com/watch?v=8gIgTj8cToA,5,0
1442,surf_chasm,4,Linear,sid,https://www.youtube.com/watch?v=dJdHQvKegXM,1,4
1446,surf_compulsive_njv_h,4,Staged,Razer,https://www.youtube.com/watch?v=fZbymMoiTyk,4,0
1447,surf_concretejungle_fix,4,Staged,pretzL,https://www.youtube.com/watch?v=j-g0Hx8gdEQ,6,5
1457,surf_divided_fix,4,Staged,Skyppy,https://www.youtube.com/watch?v=zcu_sbd0SRw,5,0
1475,surf_fortress_ksf,4,Staged,Emma & HI-TECH USER,https://www.youtube.com/watch?v=hrNc5krp_H8,6,6
1479,surf_gauntlet_final,4,Linear,,https://www.youtube.com/watch?v=3wOOz6Ph0HE,1,0
1485,surf_halloween_fix,4,Staged,PROTOTYPE,https://www.youtube.com/watch?v=ucJvuBBr7vA,5,2
1489,surf_hydrogen,4,Linear,waffleburger,https://www.youtube.com/watch?v=gk29n8TULR8,1,0
1490,surf_hyper,4,Staged,Helix,https://www.youtube.com/watch?v=_ktK4b2Lr7A,5,1
1491,surf_hyper2,4,Staged,Helix,https://www.youtube.com/watch?v=ajlTIPkf76Y,5,1
1500,surf_intense_ksf,4,Staged,Essence,https://www.youtube.com/watch?v=iO4tYGDe00s,4,1
1507,surf_kalium,4,Staged,Helix,https://www.youtube.com/watch?v=02430PXd1aE,3,1
1513,surf_limbo,4,Linear,murglegurgle,https://www.youtube.com/watch?v=_M45mFC1TKE,1,2
1517,surf_lt_unicorn,4,Staged-Linear,nyro,https://www.youtube.com/watch?v=2guHgaMq3PQ,6,4
1519,surf_medley_fix,4,Staged,Collab (zasbu),https://www.youtube.com/watch?v=0fBrOZv0Sew,7,4
1521,surf_mephobia_final,4,Staged,Yeri,https://www.youtube.com/watch?v=4_ee-PP3ffU,6,1
1523,surf_monotony_ksf,4,Staged,[Collab],https://www.youtube.com/watch?v=JbQPjclw0qI,5,2
1524,surf_morbid2,4,Staged,Sacred,https://www.youtube.com/watch?v=eEadk-9SzAc,6,2
1525,surf_mudkip,4,Linear,RNC1839,https://www.youtube.com/watch?v=L4uF8Q1g7Aw,1,5
1528,surf_neoteric_retexture,4,Staged,Sam,https://www.youtube.com/watch?v=4EueP-Y10g0,5,4
1545,surf_pure,4,Staged,Fox,https://www.youtube.com/watch?v=TR50w2tlFFE,7,0
1546,surf_pyzire_fix,4,Linear,TaiiKii,https://www.youtube.com/watch?v=IB4Ggv_IBBg,1,4
1547,surf_qlimax_q,4,Staged,Helix,https://www.youtube.com/watch?v=pXs6DEQ1NU8,6,4
1550,surf_quattro,4,Staged,N/A,https://www.youtube.com/watch?v=ypKnSCaMoVI,4,0
1551,surf_quickie_fix,4,Linear,Sam,https://www.youtube.com/watch?v=BpgHbAHw9GE,1,5
1552,surf_radiant,4,Linear,elly,https://www.youtube.com/watch?v=UdMJWS8jaXg,1,4
1581,surf_shady_h,4,Linear,Sanguine,https://www.youtube.com/watch?v=zOP85K9nXv4?start=372,1,0
1594,surf_techsune_css,4,Linear,The_Ancient_One,https://www.youtube.com/watch?v=8i5IjbIXkYo,1,1
1601,surf_triggered_fix,4,Staged,Lody & Rio,https://www.youtube.com/watch?v=w8Lzyph7hWA,5,0
1602,surf_trihard,4,Staged,sjom7e & Hardex,https://www.youtube.com/watch?v=xXnEHMkvk5w,6,2
1604,surf_ultimate_fix,4,Staged,SpexiS,https://www.youtube.com/watch?v=cF2bcYyVvys,5,0
1611,surf_wazor_ksf,4,Staged,Krusty,https://www.youtube.com/watch?v=nG0kKoJNjA4,5,0
1614,surf_x,4,Staged,Helix,https://www.youtube.com/watch?v=AHMeCMFwBqM,8,0
1619,surf_android_ksf,5,Staged,Xtra_Festive,https://www.youtube.com/watch?v=2Qz-yiiHkJ4,8,2
1626,surf_cinnamon_fix,5,Linear,wayne3288,https://www.youtube.com/watch?v=5THQbh7lAao,1,3
1629,surf_core_refix,5,Staged,SwAt,https://www.youtube.com/watch?v=SJhSQve0hpI,6,2
1635,surf_disneyland,5,Staged,[Collab],https://www.youtube.com/watch?v=Fkj8Y4PnMTs,7,0
1637,surf_drift,5,Staged-Linear,murglegurgle,https://www.youtube.com/watch?v=PlPOBKXHR7g,3,0
1644,surf_eon_fix,5,Linear,Sense,https://www.youtube.com/watch?v=HLBYj5_EdFE,1,3
1645,surf_eryr2_fix,5,Staged,RNC1839,https://www.youtube.com/watch?v=61Zmz4j07Qc,4,3
1646,surf_excavation,5,Staged,Lucy & lockedd,https://www.youtube.com/watch?v=2-zaRXIbJrI,12,7
1651,surf_froots2,5,Staged,Collab,https://www.youtube.com/watch?v=k05D1WNyZrs,20,4
1654,surf_grid_ksf,5,Staged,Gorange_Ninja,https://www.youtube.com/watch?v=iy-7Gw1E5FY,9,4
1655,surf_gurus_fix,5,Staged,Lightning,https://www.youtube.com/watch?v=eipbwzfRSG4,7,0
1661,surf_infected_h,5,Linear,Hulda,https://www.youtube.com/watch?v=LNVGzLgBmJ4,1,0
1672,surf_minecraft_fix,5,Linear,b0at,https://www.youtube.com/watch?v=Tt9uuDIQ2mY,1,0
1681,surf_primero_fix,5,Linear,zee,https://www.youtube.com/watch?v=lzddG1c7jU0,1,1
1683,surf_revolution_fix,5,Staged,Kahvo,https://www.youtube.com/watch?v=Fh2T61a_Qp8,5,2
1689,surf_selenka2,5,Staged,Lucy,https://www.youtube.com/watch?v=Vw3p4zLXBiU,4,5
1693,surf_smol,5,Staged,TheJazzAgenT,https://www.youtube.com/watch?v=peoCr7ZbDBA,5,5
1707,surf_amaro,6,Linear,Flaudgin,https://www.youtube.com/watch?v=uxUgrYrxqRU,1,1
1710,surf_chungus_fungus,6,Staged,TheJazzAgenT,https://www.youtube.com/watch?v=F9wzdCe5KqE,14,6
1713,surf_diet_mountain_dew,6,Linear,pietu,https://www.youtube.com/watch?v=Ds6Fvd_6oUA,1,2
1715,surf_earthmover,6,Staged,dirtman & Lucy,https://www.youtube.com/watch?v=RtNbxcSlBYk,3,6
1719,surf_exile,6,Staged,Pyanih Ezhik,https://www.youtube.com/watch?v=iVGy5Rqcywc,5,0
1721,surf_garden_h,6,Staged,Sid,https://www.youtube.com/watch?v=ROe2WuYVzM8,10,3
1726,surf_jusched_beta1,6,Linear,notSmashed,https://www.youtube.com/watch?v=A7s7vSgZXlg,1,0
1732,surf_monkeys,6,Linear,quethesurfer,https://www.youtube.com/watch?v=m3BxpkulbWg,1,6
1738,surf_sidelines,6,Staged,pietu,https://www.youtube.com/watch?v=OK703pLEIQE,5,1
1750,surf_zen,6,Staged,joker,https://www.youtube.com/watch?v=JD-d47d07D8,4,3
1751,surf_antagonist,7,Staged,lockedd,https://www.youtube.com/watch?v=8kO5LSh6Ap0,4,2
1754,surf_gigapede,7,Linear,disres,https://www.youtube.com/watch?v=VbYY3LlZze0,1,6
1758,surf_not_so_prosurf,7,Staged,TheJazzAgenT,https://www.youtube.com/watch?v=JibrI0TRFPI,10,7
1759,surf_not_so_zen,7,Linear,mr.25,https://www.youtube.com/watch?v=dOidnJ0vM2s,1,6
1763,surf_prosurf,7,Staged,Hardex,https://www.youtube.com/watch?v=5jNlndAYz9c,5,5
1765,surf_ruse,7,Staged,disres,https://www.youtube.com/watch?v=fflOEd9YEHk,6,10
1769,surf_sidistic,7,Linear,sid,https://www.youtube.com/watch?v=_DZTmWOXL8k,1,0
1771,surf_topology,7,Staged,Spinti,https://www.youtube.com/watch?v=uMR2Od6_91w,10,0
1772,surf_vacant,7,Linear,elly,https://www.youtube.com/watch?v=QmkaU1l-AF0,1,2
1776,surf_anubis_ksf,8,Staged,Sneakyyy,https://www.youtube.com/watch?v=bjhsv89MVwg,3,9
1778,surf_deity_ksf,8,Staged,Junior,https://www.youtube.com/watch?v=apmXa5YwglM,5,0
1779,surf_sinsane2,8,Linear,not_a_zombie,https://www.youtube.com/watch?v=mbLKIAdMUrc,1,4
1780,surf_tensor2,8,Staged,superbike,https://www.youtube.com/watch?v=M4kt9gf09bc,8,6